Text,University name,Address,Latitude,Longitude,Found Address,Match Quality,Source
UADE <br /><a href='https://fbe.mijnhva.nl/en/fbe-az/study-abroad/_layouts/15/WopiFrame.aspx?sourcedoc=/en/fbe-az/study-abroad/Fact%20sheets%20partnerinstitutes/UADE.docx&action=default'>Factsheet<a/>,UADE,Av. Intermédanos Sur 776,-37.115962,-56.885179,"Av. Intermédanos 776, B7167CAV Pinamar, Buenos Aires, Argentina",Match,Google
Universidad Austral <br /><a href='https://fbe.mijnhva.nl/en/fbe-az/study-abroad/Fact%20sheets%20partnerinstitutes/Universidad-Austral-Factsheet-2019-3.pdf'>Factsheet<a/>,Universidad Austral,"Mariano Acosta 1611, B1630FHB Pilar, Buenos Aires",-34.4565622,-58.8589786,"Mariano Acosta 1611, La Lonja, Buenos Aires, Argentina",Match,Google
"Universidad del Salvador (USAL), Buenos Aires <br /><a href='https://fbe.mijnhva.nl/en/fbe-az/study-abroad/_layouts/15/WopiFrame.aspx?sourcedoc=/en/fbe-az/study-abroad/Fact%20sheets%20partnerinstitutes/USAL%20factsheet.doc&action=default'>Factsheet<a/>","Universidad del Salvador (USAL), Buenos Aires",Avda. Callao esquina Córdoba C1023AAB,-34.5996357,-58.3929341,"Av. Córdoba & Av. Callao, C1055 CABA, Argentina",Match,Google
Curtin University <br /><a href='https://fbe.mijnhva.nl/en/fbe-az/study-abroad/Fact%20sheets%20partnerinstitutes/RMIT%20Australia%20factsheet.doc'>Factsheet<a/>,Curtin University,"Kent Street, Bentley, Perth, Western Australia, 6102",-32.0012929,115.887358,"Kent St, Bentley DC WA 6102, Australia",Match,Google
Royal Melbourne Institute of Technology (RMIT) <br /><a href='https://fbe.mijnhva.nl/en/fbe-az/study-abroad/Fact%20sheets%20partnerinstitutes/RMIT%20Australia%20factsheet.doc'>Factsheet<a/>,Royal Melbourne Institute of Technology (RMIT),"124 La Trobe Street, Melbourne VIC 3000",-37.808077,144.9644363,"124 La Trobe St, Melbourne VIC 3000, Australia",Match,Google
University of Southern Queensland <br /><a href='https://fbe.mijnhva.nl/en/fbe-az/study-abroad/Fact%20sheets%20partnerinstitutes/USQ%20factsheet.doc'>Factsheet<a/>,University of Southern Queensland,"West St, Darling Heights QLD 4350, Australia",-27.6042497,151.9355999,"West St, Darling Heights QLD 4350, Australia",Match,Google
FH Wien der WKW <br /><a href='https://fbe.mijnhva.nl/en/fbe-az/study-abroad/Fact%20sheets%20partnerinstitutes/Fachhochschule%20Wien%20factsheet.docx'>Factsheet<a/>,FH Wien der WKW,"Währinger Gürtel 97, 1180 Wien, Austria",48.2266275,16.3488923,"Währinger Gürtel 97, 1180 Wien, Austria",Match,Google
University of Applied Sciences of BFI Vienna <br /><a href='https://fbe.mijnhva.nl/en/fbe-az/study-abroad/Fact%20sheets%20partnerinstitutes/BFI%20Vienna%20factsheet.docx'>Factsheet<a/>,University of Applied Sciences of BFI Vienna,"Wohlmutstraße 22, 1020 Wien, Austria",48.2191963,16.4033427,"Fachhochschule Bank- und Finanzwirtschaft Wien, Wohlmutstraße 22, 1020 Wien, Austria",Match,Google
Universidad Privada Boliviana (UPB) <br /><a href='https://fbe.mijnhva.nl/en/fbe-az/study-abroad/Fact%20sheets%20partnerinstitutes/Universidad%20Privada%20Boliviana.docx'>Factsheet<a/>,Universidad Privada Boliviana (UPB),"Av Juan Pablo II, Colcapirhua, Bolivia",-17.3985866,-66.2172362,"Av Juan Pablo II, Colcapirhua, Bolivia",Match,Google
"Ibmec, Rio de Janeiro <br /><a href='https://fbe.mijnhva.nl/en/fbe-az/study-abroad/Fact%20sheets%20partnerinstitutes/IBMEC%20factsheet.doc'>Factsheet<a/>","Ibmec, Rio de Janeiro","Av. Pres. Wilson, 118 - Centro, Rio de Janeiro - RJ, 20030-020, Brazil",-22.912357,-43.1738686,"Av. Pres. Wilson, 118 - Centro, Rio de Janeiro - RJ, 20030-020, Brazil",Match,Google
"Pontífica Universitat Católica, PUC-Rio <br /><a href='https://fbe.mijnhva.nl/en/fbe-az/study-abroad/Fact%20sheets%20partnerinstitutes/PUC%20Factsheet.doc'>Factsheet<a/>","Pontífica Universitat Católica, PUC-Rio","R. Marquês de São Vicente, 225 - Gávea, Rio de Janeiro - RJ, 22451-900, Brazil",-22.9796128,-43.2330669,"R. Marquês de São Vicente, 225 - Gávea, Rio de Janeiro - RJ, 22451-040, Brazil",Match,Google
"Bishop's University, Lennoxville <br /><a href='https://fbe.mijnhva.nl/en/fbe-az/study-abroad/Fact%20sheets%20partnerinstitutes/Bishop's%20University%20-%20students%20guide.pdf'>Factsheet<a/>","Bishop's University, Lennoxville","2600 College St, Sherbrooke, QC J1M 1Z7, Canada",45.3616173,-71.8452225,"2600 Rue College, Sherbrooke, QC J1M 1Z7, Canada",Match,Google
"John Molson School of Business, Concordia University <br /><a href='https://fbe.mijnhva.nl/en/fbe-az/study-abroad/Fact%20sheets%20partnerinstitutes/Concordia%20University,%20John%20Molson%20Business%20School.doc'>Factsheet<a/>","John Molson School of Business, Concordia University","1450 Guy St, Montreal, QC H3H 0A1, Canada",45.4952779,-73.5790443,"1450 Rue Guy, Montréal, QC H3H 1J5, Canada",Match,Google
Kwantlen Polytechnic University <br /><a href='https://fbe.mijnhva.nl/en/fbe-az/study-abroad/Fact%20sheets%20partnerinstitutes/Kwantlen%20Polytechnic%20University%20factsheet.doc'>Factsheet<a/>,Kwantlen Polytechnic University,"8771 Lansdowne Rd, Richmond, BC V6X 3X7, Canada",49.1746454,-123.1274822,"8771 Lansdowne Rd, Richmond, BC V6X 3X7, Canada",Match,Google
Kwantlen Polytechnic University <br /><a href='https://fbe.mijnhva.nl/en/fbe-az/study-abroad/Fact%20sheets%20partnerinstitutes/Kwantlen%20Polytechnic%20University%20factsheet.doc'>Factsheet<a/>,Kwantlen Polytechnic University,"12666 72 Ave, Surrey, BC V3W 2M8, Canada",49.1324694,-122.8706617,"12666 72 Ave, Surrey, BC V3W 2M8, Canada",Match,Google
Memorial University of Newfoundland <br /><a href='https://fbe.mijnhva.nl/en/fbe-az/study-abroad/Fact%20sheets%20partnerinstitutes/Memorial%20University%20factsheet.doc'>Factsheet<a/>,Memorial University of Newfoundland,"230 Elizabeth Ave, St. John's, NL A1C 5S7, Canada",47.5713056,-52.7327106,"Arts and Administration, 230 Elizabeth Ave, St. John's, NL A1B 1T5, Canada",Match,Google
"Saint Mary's University, Halifax <br /><a href='https://fbe.mijnhva.nl/en/fbe-az/study-abroad/Fact%20sheets%20partnerinstitutes/Saint%20Mary's%20University.doc'>Factsheet<a/>","Saint Mary's University, Halifax","923 Robie St, Halifax, NS B3H 3C3, Canada",44.6313301,-63.5814571,"923 Robie St, Halifax, NS B3H 1G3, Canada",Match,Google
Université du Québec à Montréal (UQAM) <br /><a href='https://fbe.mijnhva.nl/en/fbe-az/study-abroad/Fact%20sheets%20partnerinstitutes/UQAM.doc'>Factsheet<a/>,Université du Québec à Montréal (UQAM),"405 Rue Sainte-Catherine Est, Montréal, QC H2L 2C4, Canada",45.5141258,-73.5605506,"405 Rue Sainte-Catherine E, Montréal, QC H2X 3S1, Canada",Match,Google
"University of Manitoba, Winnipeg <br /><a href='https://fbe.mijnhva.nl/en/fbe-az/study-abroad/Fact%20sheets%20partnerinstitutes/University%20of%20Manitoba%20factsheet.doc'>Factsheet<a/>","University of Manitoba, Winnipeg","66 Chancellors Cir, Winnipeg, MB R3T 2N2, Canada",49.8096036,-97.1327377,"66 Chancellors Cir, Winnipeg, MB R3T 2N2, Canada",Match,Google
University of Ottawa <br /><a href='https://fbe.mijnhva.nl/en/fbe-az/study-abroad/Fact%20sheets%20partnerinstitutes/University%20of%20Ottawa.doc'>Factsheet<a/>,University of Ottawa,"75 Laurier Ave E, Ottawa, ON K1N 6N5, Canada",45.4243564,-75.6863489,"Tabaret, 75 Laurier Ave E, Ottawa, ON K1N 6N6, Canada",Match,Google
Universidad de Santiago de Chile (USACH) <br /><a href='https://fbe.mijnhva.nl/en/fbe-az/study-abroad/Fact%20sheets%20partnerinstitutes/Universidad%20de%20Santiago%20de%20Chile.doc'>Factsheet<a/>,Universidad de Santiago de Chile (USACH),"Av Libertador Bernardo O'Higgins 3363, Santiago, Estación Central, Región Metropolitana, Chile",-33.4507733,-70.6795493,"Av Libertador Bernardo O'Higgins 3363, Santiago, Estación Central, Región Metropolitana, Chile",Match,Google
Universidad de Talca <br /><a href='https://fbe.mijnhva.nl/en/fbe-az/study-abroad/Fact%20sheets%20partnerinstitutes/Universidad%20de%20Talca.doc'>Factsheet<a/>,Universidad de Talca,"2, Dos Nte 685, Talca, Región del Maule, Chile",-35.4243455,-71.6668858,"2 - Dos Nte 685, Talca, Región del Maule, Chile",Match,Google
Beijing Foreign Studies University <br /><a href='https://fbe.mijnhva.nl/en/fbe-az/study-abroad/Fact%20sheets%20partnerinstitutes/Beijing%20Foreign%20Studies%20University.docx'>Factsheet<a/>,Beijing Foreign Studies University,"19 W 3rd Ring Rd N, Haidian Qu, Beijing Shi, China",39.956351,116.308221,"China, Beijing Shi, Haidian Qu, W 3rd Ring Rd N, 19号-12",Match,Google
"Jiangxi University of Finance and Economics, Nanchang (JUFE) <br /><a href='https://fbe.mijnhva.nl/en/fbe-az/study-abroad/Fact%20sheets%20partnerinstitutes/JUFE.doc'>Factsheet<a/>","Jiangxi University of Finance and Economics, Nanchang (JUFE)","Qingshanhu, Nanchang, China, 330029",28.6638924,115.9321829,"Qingshanhu, Nanchang, Jiangxi, China, 330029",Match,Google
Shanghai University of Finance and Economics (SHUFE) <br /><a href='https://fbe.mijnhva.nl/en/fbe-az/study-abroad/Fact%20sheets%20partnerinstitutes/SUFE%20Shanghai.doc'>Factsheet<a/>,Shanghai University of Finance and Economics (SHUFE),"318 Wuchuan Rd, WuJiaoChang, Yangpu Qu, Shanghai Shi, China, 200433",31.304953,121.498546,"318 Wuchuan Rd, WuJiaoChang, Yangpu Qu, Shanghai Shi, China, 200433",Match,Google
"Southwestern University of Finance and Economics, Chengdu (SWUFE) <br /><a href='https://fbe.mijnhva.nl/en/fbe-az/study-abroad/Fact%20sheets%20partnerinstitutes/SWUFE%20Chengdu.doc'>Factsheet<a/>","Southwestern University of Finance and Economics, Chengdu (SWUFE)","China, Sichuan, Chengdu, Qingyang, Guanghuacun St, 55号附16",30.662819,104.016322,"55 Guanghuacun St, Qingyang Qu, Chengdu Shi, Sichuan Sheng, China, 610072",Partial Match,Google
University of Macau <br /><a href='https://fbe.mijnhva.nl/en/fbe-az/study-abroad/Fact%20sheets%20partnerinstitutes/University%20of%20Macau.doc'>Factsheet<a/>,University of Macau,"University of Macau, Avenida da Universidade, Taipa, Macau, China",22.151407,113.56533,"Avenida Wai Long, Macau University of Science And Technology, BlocoE, Sala 312, Taipa, Macau",Match,Google
"Universidad del Rosario, Bogotá <br /><a href='https://fbe.mijnhva.nl/en/fbe-az/study-abroad/Fact%20sheets%20partnerinstitutes/Universidad%20del%20Rosario.doc'>Factsheet<a/>","Universidad del Rosario, Bogotá","Cl. 12c #Nº 6-25, Bogotá, Colombia",4.6000788,-74.0732928,"Cl. 12c #6-25, Bogotá, Colombia",Match,Google
University of Dubrovnik <br /><a href='https://fbe.mijnhva.nl/en/fbe-az/study-abroad/Fact%20sheets%20partnerinstitutes/University%20of%20Dubrovnik%20factsheet.docx'>Factsheet<a/>,University of Dubrovnik,"Ul. branitelja Dubrovnika 29, 20000, Dubrovnik, Croatia",42.643515,18.1020806,"Ul. branitelja Dubrovnika 29, 20000, Dubrovnik, Croatia",Match,Google
University of Zagreb <br /><a href='https://fbe.mijnhva.nl/en/fbe-az/study-abroad/Fact%20sheets%20partnerinstitutes/University%20of%20Zagreb%20factsheet.docx'>Factsheet<a/>,University of Zagreb,"Trg Republike Hrvatske 14, 10000, Zagreb, Croatia",45.8106889,15.9697192,"Trg Republike Hrvatske 14, 10000, Zagreb, Croatia",Match,Google
Czech University of life Sciences Prague <br /><a href='https://fbe.mijnhva.nl/en/fbe-az/study-abroad/Fact%20sheets%20partnerinstitutes/Czech%20University%20of%20Life%20Sciences%20Prague.doc'>Factsheet<a/>,Czech University of life Sciences Prague,"Kamýcká 129, 165 00 Praha-Suchdol, Czechia",50.1299943,14.3735981,"Kamýcká 129, 165 00 Praha-Suchdol, Czechia",Match,Google
"University of Southern Denmark, Campus Slagelse <br /><a href='https://fbe.mijnhva.nl/en/fbe-az/study-abroad/Fact%20sheets%20partnerinstitutes/University%20of%20Southern%20Denmark%20factsheet.doc'>Factsheet<a/>","University of Southern Denmark, Campus Slagelse","Søndre Stationsvej 28, 4200 Slagelse, Denmark",55.4071854,11.346925,"Søndre Stationsvej 28, 4200 Slagelse, Denmark",Match,Google
"University of Southern Denmark, Campus Sønderborg <br /><a href='https://fbe.mijnhva.nl/en/fbe-az/study-abroad/Fact%20sheets%20partnerinstitutes/University%20of%20Southern%20Denmark%20factsheet.doc'>Factsheet<a/>","University of Southern Denmark, Campus Sønderborg","Alsion 2, 6400 Sønderborg, Denmark",54.9130062,9.7792816,"Alsion 2, 6400 Sønderborg, Denmark",Match,Google
"University of Southern Denmark, Campus Esbjerg <br /><a href='https://fbe.mijnhva.nl/en/fbe-az/study-abroad/Fact%20sheets%20partnerinstitutes/University%20of%20Southern%20Denmark%20factsheet.doc'>Factsheet<a/>","University of Southern Denmark, Campus Esbjerg","Niels Bohrs Vej 9-10, 6700 Esbjerg, Denmark",55.49104,8.449502,"Niels Bohrs Vej 9, 10, 6700 Esbjerg, Denmark",Match,Google
"University of Southern Denmark, Campus Odense <br /><a href='https://fbe.mijnhva.nl/en/fbe-az/study-abroad/Fact%20sheets%20partnerinstitutes/University%20of%20Southern%20Denmark%20factsheet.doc'>Factsheet<a/>","University of Southern Denmark, Campus Odense","Campusvej 55, 5230 Odense, Denmark",55.3683771,10.4270615,"Campusvej 55, 5220 Odense, Denmark",Match,Google
Laurea University of Applied Sciences <br /><a href='https://fbe.mijnhva.nl/en/fbe-az/study-abroad/_layouts/15/WopiFrame.aspx?sourcedoc=/en/fbe-az/study-abroad/Fact%20sheets%20partnerinstitutes/Laurea%20University%20of%20Applied%20Sciences.docx&action=default'>Factsheet<a/>,Laurea University of Applied Sciences,"Ratatie 22, 01300 Vantaa, Finland",60.294987,25.0440579,"Ratatie 22, 01300 Vantaa, Finland",Match,Google
"TAMK University of Applied Sciences, Tampere <br /><a href='https://fbe.mijnhva.nl/en/fbe-az/study-abroad/_layouts/15/WopiFrame.aspx?sourcedoc=/en/fbe-az/study-abroad/Fact%20sheets%20partnerinstitutes/TAMK%20University%20of%20Applied%20Sciences.doc&action=default'>Factsheet<a/>","TAMK University of Applied Sciences, Tampere","Kuntokatu 3, 33520 Tampere, Finland",61.5041038,23.8089114,"Kuntokatu 3, 33520 Tampere, Finland",Match,Google
Ecole Supérieure de Commerce la Rochelle <br /><a href='https://fbe.mijnhva.nl/en/fbe-az/study-abroad/_layouts/15/WopiFrame.aspx?sourcedoc=/en/fbe-az/study-abroad/Fact%20sheets%20partnerinstitutes/La%20Rochelle%20Business%20School.doc&action=default'>Factsheet<a/>,Ecole Supérieure de Commerce la Rochelle,"102 Rue de Coureilles, 17000 La Rochelle, France",46.1406574,-1.156153,"102 Rue de Coureilles, 17000 La Rochelle, France",Match,Google
"EDC Paris Business School, Courbevoie <br /><a href='https://fbe.mijnhva.nl/en/fbe-az/study-abroad/Fact%20sheets%20partnerinstitutes/EDC%20Paris.docx'>Factsheet<a/>","EDC Paris Business School, Courbevoie","70 Galerie des Damiers, 92415 Courbevoie, France",48.8896843,2.2531827,"70 Galerie des Damiers, 92415 Courbevoie, France",Match,Google
"EDHEC Business School Lille <br /><a href='https://fbe.mijnhva.nl/en/fbe-az/study-abroad/Fact%20sheets%20partnerinstitutes/EDHEC%20Nice-Lille,%209-1-2019.doc'>Factsheet<a/>",EDHEC Business School Lille,"24 Avenue Gustave Delory, 59100 Roubaix, France",50.6751879,3.1693917,"24 Avenue Gustave Delory, 59100 Roubaix, France",Match,Google
"EDHEC Business School Nice <br /><a href='https://fbe.mijnhva.nl/en/fbe-az/study-abroad/Fact%20sheets%20partnerinstitutes/EDHEC%20Nice-Lille,%209-1-2019.doc'>Factsheet<a/>",EDHEC Business School Nice,"393, Promenade des Anglais - BP3116 06202 Nice Cedex 3 - France",43.6692546,7.221142,"393 Prom. des Anglais, 06200 Nice, France",Partial Match,Google
ESC Rennes School of Business <br /><a href='https://fbe.mijnhva.nl/en/fbe-az/study-abroad/_layouts/15/WopiFrame.aspx?sourcedoc=/en/fbe-az/study-abroad/Fact%20sheets%20partnerinstitutes/Rennes%20School%20of%20Business.doc&action=default'>Factsheet<a/>,ESC Rennes School of Business,"2 Rue Robert d'Arbrissel, 35065 Rennes, France",48.1277323,-1.6923425,"2 Rue Robert d'Arbrissel, 35000 Rennes, France",Match,Google
"ESCE International Business School, Paris <br /><a href='https://fbe.mijnhva.nl/en/fbe-az/study-abroad/Fact%20sheets%20partnerinstitutes/ESCE%20Paris.docx'>Factsheet<a/>","ESCE International Business School, Paris","10 Rue Sextius Michel, 75015 Paris, France",48.8511011,2.2885372,"10 Rue Sextius Michel, 75015 Paris, France",Match,Google
"ESCEM School of Business & Management Poitiers/Tours <br /><a href='https://fbe.mijnhva.nl/en/fbe-az/study-abroad/Fact%20sheets%20partnerinstitutes/ESCEM,%20Poitiers-Tours.doc'>Factsheet<a/>",ESCEM School of Business & Management Poitiers/Tours,"8 Rue Léo Delibes, 37200 Tours, France",47.3654934,0.7050884,"8 Rue Léo Delibes, 37200 Tours, France",Match,Google
"ESSEC Business School, Cergy-Pontoise <br /><a href='https://fbe.mijnhva.nl/en/fbe-az/study-abroad/Fact%20sheets%20partnerinstitutes/ESSEC,%20Cergy-Pontoise.doc'>Factsheet<a/>","ESSEC Business School, Cergy-Pontoise","3 Avenue Bernard Hirsch, 95021 Cergy-Pontoise, France",49.0335759,2.0753632,"3 Avenue Bernard Hirsch, 95000 Cergy, France",Match,Google
Groupe ESC PAU <br /><a href='https://fbe.mijnhva.nl/en/fbe-az/study-abroad/_layouts/15/WopiFrame.aspx?sourcedoc=/en/fbe-az/study-abroad/Fact%20sheets%20partnerinstitutes/ESC%20Pau%20factsheet.docx&action=default'>Factsheet<a/>,Groupe ESC PAU,"3 Rue Saint-John Perse, 64000 Pau, France",43.3176753,-0.3644136,"3 Rue Saint-John Perse, 64000 Pau, France",Match,Google
"Kedge Business School Marseille <br /><a href='https://fbe.mijnhva.nl/en/fbe-az/study-abroad/_layouts/15/WopiFrame.aspx?sourcedoc=/en/fbe-az/study-abroad/Fact%20sheets%20partnerinstitutes/Kedge%20Business%20School,%20Marseille.doc&action=default'>Factsheet<a/>",Kedge Business School Marseille,"Domaine de Luminy, Rue Antoine Bourdelle 13009 Marseille - France",43.232356,5.433561,"Domaine de Luminy, Rue Antoine Bourdelle, 13009 Marseille, France",Match,Google
"Kedge Business School Bordeaux <br /><a href='https://fbe.mijnhva.nl/en/fbe-az/study-abroad/_layouts/15/WopiFrame.aspx?sourcedoc=/en/fbe-az/study-abroad/Fact%20sheets%20partnerinstitutes/Kedge%20Business%20School,%20Marseille.doc&action=default'>Factsheet<a/>",Kedge Business School Bordeaux,680 cours Libération 33405 Talence - France,44.7964981,-0.6020615,"680 Cours de la Libération, 33405 Talence, France",Match,Google
PSB Paris School of Business (ex Groupe ESG / PGSM) <br /><a href='https://fbe.mijnhva.nl/en/fbe-az/study-abroad/Fact%20sheets%20partnerinstitutes/Paris%20School%20of%20Business.doc'>Factsheet<a/>,PSB Paris School of Business (ex Groupe ESG / PGSM),"59 Rue Nationale, 75013 Paris, France",48.8255126,2.3665205,"59 Rue Nationale, 75013 Paris, France",Match,Google
Fachhochschule Dortmund <br /><a href='https://fbe.mijnhva.nl/en/fbe-az/study-abroad/Fact%20sheets%20partnerinstitutes/Fachhochschule%20Dortmund%20factsheet.doc'>Factsheet<a/>,Fachhochschule Dortmund,"Sonnenstraße 96, 44139 Dortmund, Germany",51.5056431,7.4574777,"Sonnenstraße 96, 44139 Dortmund, Germany",Match,Google
Hochschule Düsseldorf <br /><a href='https://fbe.mijnhva.nl/en/fbe-az/study-abroad/Fact%20sheets%20partnerinstitutes/Fachhochschule%20Dusseldorf%20factsheet.doc'>Factsheet<a/>,Hochschule Düsseldorf,"Münsterstraße 156, 40476 Düsseldorf, Germany",51.2468622,6.7916869,"Münsterstraße 156, 40476 Düsseldorf, Germany",Match,Google
Frankfurt University of Applied Sciences <br /><a href='https://fbe.mijnhva.nl/en/fbe-az/study-abroad/Fact%20sheets%20partnerinstitutes/Frankfurt%20University%20of%20Applied%20Sciences%20factsheet.doc'>Factsheet<a/>,Frankfurt University of Applied Sciences,"Nibelungenpl 1, 60318 Frankfurt am Main, Germany",50.1286856,8.6916861,"Nibelungenpl 1, 60318 Frankfurt am Main, Germany",Match,Google
TH Köln/University of Applied Sciences <br /><a href='https://fbe.mijnhva.nl/en/fbe-az/study-abroad/Fact%20sheets%20partnerinstitutes/Fachhochschule%20K%C3%B6ln%20factsheet.docx'>Factsheet<a/>,TH Köln/University of Applied Sciences,"Ubierring 40, 50678 Köln, Germany",50.9214682,6.9629659,"Ubierring 40, 50678 Köln, Germany",Match,Google
"Technische Hochschule Nürnberg Georg Simon Ohm <br /><a href='https://fbe.mijnhva.nl/en/fbe-az/study-abroad/Fact%20sheets%20partnerinstitutes/Georg-Simon-Ohm-Hochschule%20Nurnberg,%20factsheet.doc'>Factsheet<a/>",Technische Hochschule Nürnberg Georg Simon Ohm,"Keßlerpl. 12, 90489 Nürnberg, Germany",49.4528343,11.0932366,"KA-Gebäude GSO, Keßlerpl. 12, 90489 Nürnberg, Germany",Match,Google
"Hochschule für Wirtschaft und Recht Berlin <br /><a href='https://fbe.mijnhva.nl/en/fbe-az/study-abroad/Fact%20sheets%20partnerinstitutes/Hochschule%20f%C3%BCr%20Wirtschaft%20und%20Recht%20Berlin,%20fatsheet.doc'>Factsheet<a/>",Hochschule für Wirtschaft und Recht Berlin,"Badensche Str. 52, 10825 Berlin, Germany",52.4854703,13.3382037,"Badensche Str. 52, 10825 Berlin, Germany",Match,Google
Fachhochschule für Angewandte Wissenschaften Hamburg <br /><a href='https://fbe.mijnhva.nl/en/fbe-az/study-abroad/Fact%20sheets%20partnerinstitutes/HAW%20Hamburg%20factsheet.doc'>Factsheet<a/>,Fachhochschule für Angewandte Wissenschaften Hamburg,"Berliner Tor 5, 20099 Hamburg, Germany",53.5565997,10.0219843,"Haus A, Berliner Tor 5, 20099 Hamburg, Germany",Match,Google
"International Black Sea University <br /><a href='https://fbe.mijnhva.nl/en/fbe-az/study-abroad/Fact%20sheets%20partnerinstitutes/International%20Black%20%20Sea%20University,%20Tbilisi.docx'>Factsheet<a/>",International Black Sea University,"2 0131, 13km დავით აღმაშენებლის ხეივანი, Tbilisi, Georgia",41.7973758,44.7739649,"2 0131, 13km დავით აღმაშენებლის ხეივანი, Tbilisi, Georgia",Match,Google
Hang Seng University of Hong Kong <br /><a href='https://fbe.mijnhva.nl/en/fbe-az/study-abroad/Fact%20sheets%20partnerinstitutes/Hang%20Seng%20University%20of%20Hong%20Kong%20factsheet.docx'>Factsheet<a/>,Hang Seng University of Hong Kong,"Hang Shin Ln, Siu Lek Yuen, Hong Kong",22.379357,114.212273,"Hang Shin Ln, Siu Lek Yuen, Hong Kong",Match,Google
International Business School Budapest <br /><a href='https://fbe.mijnhva.nl/en/fbe-az/study-abroad/Fact%20sheets%20partnerinstitutes/IBS%20Budapest%20factsheet.docx'>Factsheet<a/>,International Business School Budapest,"Budapest, Záhony u. 7, 1031 Hungary",47.560731,19.0559462,"Budapest, Záhony utca 7, 1031 Hungary",Match,Google
University of Debrecen (UNIDEB) <br /><a href='https://fbe.mijnhva.nl/en/fbe-az/study-abroad/Fact%20sheets%20partnerinstitutes/University%20of%20Debrecen%20factsheet.docx'>Factsheet<a/>,University of Debrecen (UNIDEB),"Debrecen, Egyetem tér 1, 4032 Hungary",47.5540468,21.6215226,"Debrecen, Egyetem tér 1, 4032 Hungary",Match,Google
Universitas Pelita Harapan <br /><a href='https://fbe.mijnhva.nl/en/fbe-az/study-abroad/Fact%20sheets%20partnerinstitutes/UPH%20Universitas%20Pelita%20Harapan.doc'>Factsheet<a/>,Universitas Pelita Harapan,"Jl. MH. Thamrin Boulevard 1100, Klp. Dua, Karawaci, Tangerang, Banten 15811, Indonesia",-6.2136384,106.6295725,"Jl. MH. Thamrin, Kota Tangerang, Banten, Indonesia",Match,Google
Università Carlo Cattaneo - LIUC <br /><a href='https://fbe.mijnhva.nl/en/fbe-az/study-abroad/Fact%20sheets%20partnerinstitutes/Universit%C3%A0%20Carlo%20Cattaneo%20LIUC.doc'>Factsheet<a/>,Università Carlo Cattaneo - LIUC,"Corso G. Matteotti, 22, 21053 Castellanza VA, Italy",45.6119918,8.9015315,"Corso Giacomo Matteotti, 22, 21053 Castellanza VA, Italy",Match,Google
Università Cattolica del Sacro Cuore (UCSC) <br /><a href='https://fbe.mijnhva.nl/en/fbe-az/study-abroad/Fact%20sheets%20partnerinstitutes/Universit%C3%A1%20Cattolica%20del%20Sacro%20Cuore.doc'>Factsheet<a/>,Università Cattolica del Sacro Cuore (UCSC),"Largo Agostino Gemelli, 1, 20123 Milano MI, Italy",45.4619108,9.1770225,"Largo Agostino Gemelli, 1, 20123 Milano MI, Italy",Match,Google
Akita International University <br /><a href='https://fbe.mijnhva.nl/en/fbe-az/study-abroad/Fact%20sheets%20partnerinstitutes/Akita%20International%20University.doc'>Factsheet<a/>,Akita International University,"Okutsubakidai-193-2 Yuwatsubakigawa, Akita, 010-1292, Japan",39.6266996,140.1981405,"Okutsubakidai-193-2 Yuwatsubakigawa, Akita, 010-1292, Japan",Match,Google
Kansai Gaidai University <br /><a href='https://fbe.mijnhva.nl/en/fbe-az/study-abroad/Fact%20sheets%20partnerinstitutes/Kansai%20Gaidai%20University.doc'>Factsheet<a/>,Kansai Gaidai University,"16-1 Nakamiya Higashinochō, Hirakata, Osaka 573-1195, Japan",34.8232415,135.6641491,"16-1 Nakamiya Higashinochō, Hirakata, Osaka 573-1195, Japan",Match,Google
"Momoyama Gakuin University, Osaka <br /><a href='https://fbe.mijnhva.nl/en/fbe-az/study-abroad/Fact%20sheets%20partnerinstitutes/Momoyama%20Gakuin%20University.doc'>Factsheet<a/>","Momoyama Gakuin University, Osaka","1-1 Manabino, Izumi, Osaka 594-1152, Japan",34.4521145,135.4551036,"1 Manabino, Izumi, Osaka 594-1152, Japan",Partial Match,Google
Seinan Gakuin University <br /><a href='https://fbe.mijnhva.nl/en/fbe-az/study-abroad/Fact%20sheets%20partnerinstitutes/Seinan%20Gakuin%20University.doc'>Factsheet<a/>,Seinan Gakuin University,"6 Chome-2-９２ Nishijin, Sawara Ward, Fukuoka, 814-0002, Japan",33.5846304,130.3548747,"6-chōme-2-92 Nishijin, Sawara-ku, Fukuoka, 814-0002, Japan",Match,Google
Toyo University <br /><a href='https://fbe.mijnhva.nl/en/fbe-az/study-abroad/Fact%20sheets%20partnerinstitutes/Toyo%20University.docx'>Factsheet<a/>,Toyo University,"5 Chome-28-２０ Hakusan, Bunkyo City, Tokyo 112-8606, Japan",35.7235908,139.7496751,"Japan, 〒112-8606 Tokyo, Bunkyo City, Hakusan, 5 Chome−28−２０ 東洋大学６号館 B１F",Match,Google
Yamanashi Gakuin University <br /><a href='https://fbe.mijnhva.nl/en/fbe-az/study-abroad/Fact%20sheets%20partnerinstitutes/Yamanashi%20Gakuin%20University.docx'>Factsheet<a/>,Yamanashi Gakuin University,"2 Chome-4-5 Sakaori, Kofu, Yamanashi 400-8575, Japan",35.6566427,138.6010022,"2 Chome-4-5 Sakaori, Kofu, Yamanashi 400-8575, Japan",Match,Google
"Narxoz University, Almaty <br /><a href=''>Factsheet<a/>","Narxoz University, Almaty","Zhandosov Street 55, Almaty 050035, Kazakhstan",43.2146261,76.8711279,"Zhandosov Street 55, Almaty, Kazakhstan",Match,Google
Handong University <br /><a href='https://fbe.mijnhva.nl/en/fbe-az/study-abroad/Fact%20sheets%20partnerinstitutes/Handong%20Global%20University%20HGU.docx'>Factsheet<a/>,Handong University,"South Korea, Gyeongsangbuk-do, Pohang, Buk-gu, 흥해읍 한동로 558",36.102232,129.3897838,"558 Handong-ro, Heunghae-eup, Buk-gu, Pohang, Gyeongsangbuk-do, South Korea",Match,Google
Hanyang University <br /><a href='https://fbe.mijnhva.nl/en/fbe-az/study-abroad/Fact%20sheets%20partnerinstitutes/Hanyang%20University.doc'>Factsheet<a/>,Hanyang University,"222 Wangsimni-ro, Sageun-dong, Seongdong-gu, Seoul, South Korea",37.5572321,127.0453219,"222 Wangsimni-ro, Sageun-dong, Seongdong-gu, Seoul, South Korea",Match,Google
Kookmin University <br /><a href='https://fbe.mijnhva.nl/en/fbe-az/study-abroad/Fact%20sheets%20partnerinstitutes/Kookmin%20University.docx'>Factsheet<a/>,Kookmin University,"77 Jeongneung-ro, Jeongneung-dong, Seongbuk-gu, Seoul, South Korea",37.6108694,126.9972889,"77 Jeongneung-ro, Jeongneung 3(sam)-dong, Seongbuk-gu, Seoul, South Korea",Match,Google
Yeungnam University <br /><a href='https://fbe.mijnhva.nl/en/fbe-az/study-abroad/Fact%20sheets%20partnerinstitutes/Yeungnam%20University.doc'>Factsheet<a/>,Yeungnam University,"280 Daehak-ro, Joyeong-dong, Gyeongsan, Gyeongsangbuk-do, South Korea",35.8367325,128.754368,"280 Daehak-ro, Bukbu-dong, Gyeongsan, Gyeongsangbuk-do, South Korea",Match,Google
Vilniaus Kolegija / University of Applied Sciences <br /><a href='https://fbe.mijnhva.nl/en/fbe-az/study-abroad/Fact%20sheets%20partnerinstitutes/Vilniaus%20Kolegija-%20University%20of%20Applied%20Sciences.docx'>Factsheet<a/>,Vilniaus Kolegija / University of Applied Sciences,"Saltoniškių g. 58, Vilnius 08105, Lithuania",54.6961413,25.2569033,"Saltoniškių g. 58, Vilnius 08105, Lithuania",Match,Google
"Universiti Sains Malaysia, Penang <br /><a href='https://fbe.mijnhva.nl/en/fbe-az/study-abroad/Fact%20sheets%20partnerinstitutes/Universiti%20Sains%20Malaysia%20USM.doc'>Factsheet<a/>","Universiti Sains Malaysia, Penang","11800 Gelugor, Penang, Malaysia",5.3574545,100.301096,"11800 Gelugor, Penang, Malaysia",Match,Google
Instituto Tecnologico Autónomo de México (ITAM) <br /><a href='https://fbe.mijnhva.nl/en/fbe-az/study-abroad/Fact%20sheets%20partnerinstitutes/ITAM.doc'>Factsheet<a/>,Instituto Tecnologico Autónomo de México (ITAM),"Río Hondo 1, Altavista, 01080 Ciudad de México, CDMX, Mexico",19.3450908,-99.2001039,"Río Hondo 1, Altavista, 01080 Ciudad de México, CDMX, Mexico",Match,Google
"TEC de Monterrey Campus Estado de México <br /><a href='https://fbe.mijnhva.nl/en/fbe-az/study-abroad/Fact%20sheets%20partnerinstitutes/TEC%20Campus%20Estado%20de%20Mexico,%2021-1-19.doc'>Factsheet<a/>",TEC de Monterrey Campus Estado de México,"Av Lago de Guadalupe KM 3.5, Margarita Maza de Juárez, 52926 Cd López Mateos, Méx., Mexico",19.5949154,-99.2276742,"Av Lago de Guadalupe KM 3.5, Margarita Maza de Juárez, 52926 Cd López Mateos, Méx., Mexico",Match,Google
"TEC de Monterrey Campus Guadalajara <br /><a href='https://fbe.mijnhva.nl/en/fbe-az/study-abroad/Fact%20sheets%20partnerinstitutes/TEC%20Campus%20Guadalajara,%2021-1-19.doc'>Factsheet<a/>",TEC de Monterrey Campus Guadalajara,"Avenida General Ramón Corona 2514 Nuevo México, 45138 Zapopan, Jal., Mexico",20.7345732,-103.455512,"Avenida General Ramón Corona 2514, Centro, 45136 Zapopan, Jal., Mexico",Match,Google
"TEC de Monterrey, Campus Monterrey <br /><a href='https://fbe.mijnhva.nl/en/fbe-az/study-abroad/Fact%20sheets%20partnerinstitutes/TEC%20Campus%20Monterrey,%2021-1-19.doc'>Factsheet<a/>","TEC de Monterrey, Campus Monterrey","Av. Eugenio Garza Sada 2501 Sur, Tecnológico, 64849 Monterrey, N.L., Mexico",25.6515415,-100.2911811,"Av. Eugenio Garza Sada 2501, Tecnológico, 64849 Monterrey, N.L., Mexico",Match,Google
Universidad Anáhuac Mayab <br /><a href='https://fbe.mijnhva.nl/en/fbe-az/study-abroad/Fact%20sheets%20partnerinstitutes/Universidad%20An%C3%A1huac%20Mayab.docx'>Factsheet<a/>,Universidad Anáhuac Mayab,"Carretera Mérida-Progreso Km 15.5 interior Km 2 Carretera a Chablekal, Cordemex, 97310 Mérida, Yuc., Mexico",21.1108337,-89.6118723,"Carretera Mérida-Progreso Km 15.5 interior Km 2 Carretera a Chablekal, Cordemex, 97310 Mérida, Yuc., Mexico",Match,Google
"Universidad Iberoamericana, Santa Fé Ciudad de México <br /><a href='https://fbe.mijnhva.nl/en/fbe-az/study-abroad/Fact%20sheets%20partnerinstitutes/Universidad%20Iberoamericana.doc'>Factsheet<a/>","Universidad Iberoamericana, Santa Fé Ciudad de México","Prolongacion Paseo de la Reforma 880, Lomas de Santa Fe, Zedec Sta Fé, 01219 Ciudad de México, CDMX, Mexico",19.3589393,-99.2733272,"Prolongacion Paseo de la Reforma 880, Santa Fe, Contadero, 01219 Ciudad de México, CDMX, Mexico",Match,Google
Oslo Metropolitan University (OsloMet) <br /><a href='https://fbe.mijnhva.nl/en/fbe-az/study-abroad/Fact%20sheets%20partnerinstitutes/Oslo%20Metropolitan%20University.doc'>Factsheet<a/>,Oslo Metropolitan University (OsloMet),"Clara Holsts hus, Pilestredet 46, 0167 Oslo, Norway",59.9210891,10.7333919,"Clara Holsts hus, Pilestredet 46, 0167 Oslo, Norway",Match,Google
"Universidad San Ignacio de Loyola (ISG), Lima (USIL) <br /><a href='https://fbe.mijnhva.nl/en/fbe-az/study-abroad/Fact%20sheets%20partnerinstitutes/Universidad%20San%20Ignacio%20de%20Loyola.doc'>Factsheet<a/>","Universidad San Ignacio de Loyola (ISG), Lima (USIL)","Av. la Fontana 550, La Molina 00012, Peru",-12.072888,-76.9516609,"Av. la Fontana 550, La Molina 00012, Peru",Match,Google
Jagiellonian University <br /><a href='https://fbe.mijnhva.nl/en/fbe-az/study-abroad/Fact%20sheets%20partnerinstitutes/Jagiellonian%20University.doc'>Factsheet<a/>,Jagiellonian University,"Gołębia 24, 31-007 Kraków, Poland",50.0610645,19.9328982,"Gołębia 24, 31-007 Kraków, Poland",Match,Google
"Kozminski University, Warsaw <br /><a href='https://fbe.mijnhva.nl/en/fbe-az/study-abroad/Fact%20sheets%20partnerinstitutes/Kozminsky%20University.doc'>Factsheet<a/>","Kozminski University, Warsaw","Jagiellońska 57, 03-301 Warszawa, Poland",52.2712979,21.015148,"Jagiellońska 57, 00-401 Warszawa, Poland",Match,Google
Universidade Católica Portuguesa <br /><a href='https://fbe.mijnhva.nl/en/fbe-az/study-abroad/Fact%20sheets%20partnerinstitutes/Universita%20Cattolica%20Porto%20-%20%20Factsheet.docx'>Factsheet<a/>,Universidade Católica Portuguesa,"R. de Diogo Botelho 1327, 4169-005 Porto, Portugal",41.1517376,-8.6679328,"R. de Diogo Botelho 1327, 4150-513 Porto, Portugal",Match,Google
"Universitatea Babes Bolyai, Cluj-Napoca <br /><a href='https://fbe.mijnhva.nl/en/fbe-az/study-abroad/Fact%20sheets%20partnerinstitutes/Universitatea%20Babes-Bolyai.doc'>Factsheet<a/>","Universitatea Babes Bolyai, Cluj-Napoca","Strada Universității 7-9, Cluj-Napoca 400084, Romania",46.767306,23.590735,"Strada Universității 7, Cluj-Napoca 400000, Romania",Match,Google
University of Bucharest <br /><a href='https://fbe.mijnhva.nl/en/fbe-az/study-abroad/Fact%20sheets%20partnerinstitutes/University%20of%20Bucharest.doc'>Factsheet<a/>,University of Bucharest,"Bulevardul Regina Elisabeta 4-12, București 030018, Romania",44.435348,26.10134,"Bulevardul Regina Elisabeta 4, București 030167, Romania",Match,Google
"Plekhanov Russian University of Economics, Moscow <br /><a href='https://fbe.mijnhva.nl/en/fbe-az/study-abroad/Fact%20sheets%20partnerinstitutes/Plekhanov%20Russian%20University%20of%20Economics.doc'>Factsheet<a/>","Plekhanov Russian University of Economics, Moscow","Stremyannyy Pereulok, 36, Moskva, Russia, 115093",55.727054,37.6271141,"Stremyannyy Pereulok, 36, Moskva, Russia, 115093",Match,Google
Nanyang Technological University (Nanyang Business School) <br /><a href='https://fbe.mijnhva.nl/en/fbe-az/study-abroad/Fact%20sheets%20partnerinstitutes/NTU%20BS%20Nanyang.doc'>Factsheet<a/>,Nanyang Technological University (Nanyang Business School),"50 Nanyang Ave, block s3, Singapore 639798",1.3442459,103.6803242,"50 Nanyang Ave, block s3, Singapore 639798",Match,Google
"University of the Free State, Bloemfontein <br /><a href='https://fbe.mijnhva.nl/en/fbe-az/study-abroad/Fact%20sheets%20partnerinstitutes/University%20of%20the%20Free%20State.doc'>Factsheet<a/>","University of the Free State, Bloemfontein","205 Nelson Mandela Dr, Park West, Bloemfontein, 9301, South Africa",-29.1038123,26.186225,"205 Nelson Mandela Dr, Brandwag, Bloemfontein, 9301, South Africa",Match,Google
Universitat Ramon Llull - Blanquerna School of Communication and International Relations (FCRIB-URL) <br /><a href='https://fbe.mijnhva.nl/en/fbe-az/study-abroad/Fact%20sheets%20partnerinstitutes/Blanquerna.docx'>Factsheet<a/>,Universitat Ramon Llull - Blanquerna School of Communication and International Relations (FCRIB-URL),"Passeig de Sant Gervasi, 47, 08022 Barcelona, Spain",41.4105288,2.1355702,"Passeig de Sant Gervasi, 47, 08022 Barcelona, Spain",Match,Google
"Cesine Centro Universitario, Santander <br /><a href='https://fbe.mijnhva.nl/en/fbe-az/study-abroad/Fact%20sheets%20partnerinstitutes/CESINE%20Design%20and%20Business%20School%20-%20Santander.docx'>Factsheet<a/>","Cesine Centro Universitario, Santander","Calle José Simón Cabarga, 6, 39005 Santander, Cantabria, Spain",43.4715599,-3.79155,"Calle José Simón Cabarga, 6, 39005 Santander, Cantabria, Spain",Match,Google
"EAE Business School, Barcelona <br /><a href='https://fbe.mijnhva.nl/en/fbe-az/study-abroad/Fact%20sheets%20partnerinstitutes/EAE%20Barcelona.docx'>Factsheet<a/>","EAE Business School, Barcelona","Carrer d'Aragó, 55, 08015 Barcelona, Spain",41.3803349,2.1489773,"Carrer d'Aragó, 55, 08015 Barcelona, Spain",Match,Google
"EAE Business School, Barcelona <br /><a href='https://fbe.mijnhva.nl/en/fbe-az/study-abroad/Fact%20sheets%20partnerinstitutes/EAE%20Barcelona.docx'>Factsheet<a/>","EAE Business School, Barcelona","Carrer de Tarragona, 110, 08015 Barcelona, Spain",41.3801139,2.1436558,"Carrer de Tarragona, 110, 08015 Barcelona, Spain",Match,Google
"ESIC Business & Marketing School, Madrid <br /><a href='https://fbe.mijnhva.nl/en/fbe-az/study-abroad/Fact%20sheets%20partnerinstitutes/ESIC%20Madrid%20factsheet.docx'>Factsheet<a/>","ESIC Business & Marketing School, Madrid","Camino Valdenigriales, s/n, 28223 Pozuelo de Alarcón, Madrid, Spain",40.4371447,-3.8058704,"Camino Valdenigriales, 28223 Pozuelo de Alarcón, Madrid, Spain",Match,Google
Universidad Carlos III de Madrid <br /><a href='https://fbe.mijnhva.nl/en/fbe-az/study-abroad/Fact%20sheets%20partnerinstitutes/Universidad%20Carlos%20III%20Madrid.doc'>Factsheet<a/>,Universidad Carlos III de Madrid,"Calle Madrid, 126, 28903 Getafe, Madrid, Spain",40.3158475,-3.7266706,"Calle Madrid, 126, 28903 Getafe, Madrid, Spain",Match,Google
"Universidad Complutense, Madrid <br /><a href='https://fbe.mijnhva.nl/en/fbe-az/study-abroad/Fact%20sheets%20partnerinstitutes/Universidad%20Complutense%20de%20Madrid.doc'>Factsheet<a/>","Universidad Complutense, Madrid","Av. Séneca, 2, 28040 Madrid, Spain",40.4375731,-3.7252231,"Av. Séneca, 2, 28040 Madrid, Spain",Match,Google
"Universidad San Pablo-CEU, Madrid <br /><a href='https://fbe.mijnhva.nl/en/fbe-az/study-abroad/Fact%20sheets%20partnerinstitutes/Universidad%20San%20Pablo,%20Madrid.doc'>Factsheet<a/>","Universidad San Pablo-CEU, Madrid","Calle Julián Romea, 23, 28003 Madrid, Spain",40.4425521,-3.7172311,"Edif. A, Calle Julián Romea, 23, 28003 Madrid, Spain",Match,Google
"Universidad de Deusto, San Sebastian <br /><a href='https://fbe.mijnhva.nl/en/fbe-az/study-abroad/Fact%20sheets%20partnerinstitutes/Universidad%20de%20Deusto,%20San%20Sebastian.doc'>Factsheet<a/>","Universidad de Deusto, San Sebastian",International Relations Camino de Mundaiz 5020012 San Sebastian,43.310066,-1.976723,"Universidad de Deusto, Mundaitz Kalea, 50, 20012 Donostia, Gipuzkoa, Spain",Match,Google
Universidad Europea de Valencia <br /><a href='https://fbe.mijnhva.nl/en/fbe-az/study-abroad/Fact%20sheets%20partnerinstitutes/Universidad%20Europea%20de%20Valencia.doc'>Factsheet<a/>,Universidad Europea de Valencia,"Carrer del General Elio, 2, 46010 València, Spain",39.4777779,-0.3669452,"Carrer del General Elio, 2, 46010 València, Valencia, Spain",Match,Google
"Universitat de Barcelona, Escola Universitària d'Estudis Empresarials <br /><a href='https://fbe.mijnhva.nl/en/fbe-az/study-abroad/Fact%20sheets%20partnerinstitutes/Universidad%20de%20Barcelona.doc'>Factsheet<a/>","Universitat de Barcelona, Escola Universitària d'Estudis Empresarials","Avinguda Diagonal, 696, 08034 Barcelona, Spain",41.3851696,2.1115691,"Avinguda Diagonal, 696, 08034 Barcelona, Spain",Match,Google
Universitat de Valencia <br /><a href='https://fbe.mijnhva.nl/en/fbe-az/study-abroad/Fact%20sheets%20partnerinstitutes/Universidad%20Europea%20de%20Valencia.doc'>Factsheet<a/>,Universitat de Valencia,"Av. de Blasco Ibáñez, 13, 46010 València, Spain",39.4796057,-0.364354,"Av. de Blasco Ibáñez, 13, 46010 València, Valencia, Spain",Match,Google
"Universidad Loyola Andalucia <br /><a href='https://fbe.mijnhva.nl/en/fbe-az/study-abroad/Fact%20sheets%20partnerinstitutes/Universidad%20Loyola%20Andalucia,%20Cordoba.doc'>Factsheet<a/>",Universidad Loyola Andalucia,"Calle del Escritor Castilla Aguayo Nº4, 14004 Córdoba, Spain",37.86851,-4.790027,"Calle del Escritor Castilla Aguayo Nº4, 14004 Córdoba, Spain",Match,Google
"Universidad Pablo de Olavide Sevilla <br /><a href='https://fbe.mijnhva.nl/en/fbe-az/study-abroad/Fact%20sheets%20partnerinstitutes/Universidad%20Pablo%20de%20Olivade,%20Sevilla.doc'>Factsheet<a/>",Universidad Pablo de Olavide Sevilla,"Ctra. de Utrera, 1, 41013 Sevilla, Spain",37.35817,-5.94988,"Ctra. de Utrera, 1, 41013 Sevilla, Spain",Match,Google
Halmstad University <br /><a href='https://fbe.mijnhva.nl/en/fbe-az/study-abroad/Fact%20sheets%20partnerinstitutes/Halmstad%20University%20factsheet.doc'>Factsheet<a/>,Halmstad University,"Kristian IV:s väg 3, 301 18 Halmstad, Sweden",56.6638865,12.8760885,"301, Kristian IV:s väg 3, 302 50 Halmstad, Sweden",Match,Google
Örebro University <br /><a href='https://fbe.mijnhva.nl/en/fbe-az/study-abroad/_layouts/15/WopiFrame.aspx?sourcedoc=/en/fbe-az/study-abroad/Fact%20sheets%20partnerinstitutes/%C3%96rebro%20University%20factsheet.doc&action=default'>Factsheet<a/>,Örebro University,"Fakultetsgatan 1, 702 81 Örebro, Sweden",59.2547883,15.2492854,"Långhuset, Fakultetsgatan 1, 701 82 Örebro, Sweden",Match,Google
Stockholm University <br /><a href=''>Factsheet<a/>,Stockholm University,"Frescativägen, 114 19 Stockholm, Sweden",59.3626464,18.0561035,"Frescativägen, 114 19 Stockholm, Sweden",Match,Google
University of Applied Sciences and Arts North-western Switzerland (FHNW) <br /><a href='https://fbe.mijnhva.nl/en/fbe-az/study-abroad/Fact%20sheets%20partnerinstitutes/FHNW%20Basel%20-%20Olten%20Fact%20Sheet.pdf'>Factsheet<a/>,University of Applied Sciences and Arts North-western Switzerland (FHNW),"Bahnhofstrasse 6, 5210 Windisch, Switzerland",47.4817211,8.2113634,"Bahnhofstrasse 6, 5210 Windisch, Switzerland",Match,Google
"Zürich University of Applied Sciences, Winterthur (ZHAW) <br /><a href='https://fbe.mijnhva.nl/en/fbe-az/study-abroad/Fact%20sheets%20partnerinstitutes/ZHAW%20Winterthur%20factsheet.doc'>Factsheet<a/>","Zürich University of Applied Sciences, Winterthur (ZHAW)","Gertrudstrasse 15, 8400 Winterthur, Switzerland",47.4999345,8.7203081,"Gertrudstrasse 15, 8400 Winterthur, Switzerland",Match,Google
Ming Chuan University <br /><a href='https://fbe.mijnhva.nl/en/fbe-az/study-abroad/Fact%20sheets%20partnerinstitutes/Ming%20Chuan%20University.doc'>Factsheet<a/>,Ming Chuan University,"No. 250號, Section 5, Zhongshan North Road, Shilin District, Taipei City, Taiwan 111",25.0872814,121.5268849,"No. 250, Section 5, Zhongshan North Road, Shilin District, Taipei City, Taiwan 111",Partial Match,Google
National Sun Yat-sen University <br /><a href='https://fbe.mijnhva.nl/en/fbe-az/study-abroad/Fact%20sheets%20partnerinstitutes/National%20Sun%20Yat-sen%20University.doc'>Factsheet<a/>,National Sun Yat-sen University,"No.70 Lienhai Road, Gushan District, Kaohsiung City, Taiwan 80424",22.628388,120.264737,"No. 70, Lianhai Road, Gushan District, Kaohsiung City, Taiwan 804",Partial Match,Google
National Taipei University of Technology <br /><a href='https://fbe.mijnhva.nl/en/fbe-az/study-abroad/Fact%20sheets%20partnerinstitutes/National%20Taipei%20University%20of%20Technology.doc'>Factsheet<a/>,National Taipei University of Technology,"No. 1號, Section 3, Zhongxiao East Road, Da’an District, Taipei City, Taiwan 106",25.0424339,121.5356358,"No. 1, Section 3, Zhongxiao East Road, Da’an District, Taipei City, Taiwan 106",Partial Match,Google
"Chulalongkorn University, Bangkok <br /><a href='https://fbe.mijnhva.nl/en/fbe-az/study-abroad/Fact%20sheets%20partnerinstitutes/Chulalongkorn%20University,%20Bangkok.doc'>Factsheet<a/>","Chulalongkorn University, Bangkok","Faculty of Commerce and Accountancy Chhulalongkorn University Phaya Thai Road, Phathomwan , Bangkok 10330, Khwaeng Pathum Wan, Khet Pathum Wan, Krung Thep Maha Nakhon 10330, Thailand",13.7338328,100.5296354,"Faculty of Commerce and Accountancy Chhulalongkorn University Phaya Thai Road, Phathomwan , Bangkok 10330, 10330, Thailand",Match,Google
"Kasetsart University, Bangkok <br /><a href='https://fbe.mijnhva.nl/en/fbe-az/study-abroad/Fact%20sheets%20partnerinstitutes/Kasetsart%20University%20Bangkok.doc'>Factsheet<a/>","Kasetsart University, Bangkok","50 Thanon Ngam Wong Wan, Khwaeng Lat Yao, Khet Chatuchak, Krung Thep Maha Nakhon 10900, Thailand",13.8450962,100.57076,"50 Thanon Ngamwongwan, Khwaeng Lat Yao, Khet Chatuchak, Krung Thep Maha Nakhon 10900, Thailand",Match,Google
"Stamford International University, Bangkok <br /><a href='https://fbe.mijnhva.nl/en/fbe-az/study-abroad/Fact%20sheets%20partnerinstitutes/Stamford%20University%20Bangkok.doc'>Factsheet<a/>","Stamford International University, Bangkok","16 ถนน มอเตอร์เวย์ ก.ม. 2 Khwaeng Prawet, Khet Prawet, Bangkok 10250, Thailand",13.7351391,100.6614121,"16 ถนน มอเตอร์เวย์ ก.ม. 2 Khwaeng Prawet, Khet Prawet, Bangkok 10250, Thailand",Match,Google
Istanbul Bilgi University <br /><a href='https://fbe.mijnhva.nl/en/fbe-az/study-abroad/Fact%20sheets%20partnerinstitutes/Istanbul%20Bilgi%20University%20welcome%20guide.pdf'>Factsheet<a/>,Istanbul Bilgi University,"Emniyettepe Mahallesi, Kazım Karabekir Cd. No:13 D:2, 34060 Eyüp/İstanbul, Turkey",41.0672987,28.9455633,"Emniyettepe Mahallesi, Kazım Karabekir Cd. No:13 D:2, 34060 Eyüp/İstanbul, Turkey",Match,Google
"Edinburgh Napier University <br /><a href='https://fbe.mijnhva.nl/en/fbe-az/study-abroad/Fact%20sheets%20partnerinstitutes/Edinburgh%20Napier%20University,%20Edinburgh.doc'>Factsheet<a/>",Edinburgh Napier University,"Sighthill Campus, Sighthill Court, Edinburgh, EH11 4BN ",55.9260983,-3.2893238,"9 Sighthill Ct, Edinburgh EH11 4BN, UK",Match,Google
London Metropolitan University <br /><a href='https://fbe.mijnhva.nl/en/fbe-az/study-abroad/_layouts/15/WopiFrame.aspx?sourcedoc=/en/fbe-az/study-abroad/Fact%20sheets%20partnerinstitutes/London%20Metropolitan%20University.doc&action=default'>Factsheet<a/>,London Metropolitan University,"166-220 Holloway Rd, London N7 8DB, UK",51.5516174,-0.1107146,"London Metropolitan University, 166-220 Holloway Rd, London N7 8DB, UK",Match,Google
Northumbria University <br /><a href='https://fbe.mijnhva.nl/en/fbe-az/study-abroad/Fact%20sheets%20partnerinstitutes/Northumbria%20University.docx'>Factsheet<a/>,Northumbria University,"Sutherland Building, 2 Ellison Pl, Newcastle upon Tyne NE1 8ST, UK",54.97662,-1.6092641,"Newcastle upon Tyne NE1 8JG, UK",Match,Google
Sheffield Hallam University <br /><a href='https://fbe.mijnhva.nl/en/fbe-az/study-abroad/Fact%20sheets%20partnerinstitutes/Sheffield%20Hallam%20University.doc'>Factsheet<a/>,Sheffield Hallam University,"Howard St, Sheffield S1 1WB, UK",53.3785245,-1.4661236,"Howard St, Sheffield S1, UK",Match,Google
University of Brighton <br /><a href='https://fbe.mijnhva.nl/en/fbe-az/study-abroad/Fact%20sheets%20partnerinstitutes/University%20of%20Brighton.doc'>Factsheet<a/>,University of Brighton,"University of Brighton, Mithras House, Lewes Road, Brighton BN2 4AT, United Kingdom",50.8420449,-0.1198916,"Mithras House, Lewes Rd, Brighton BN2 4AT, UK",Match,Google
University of Hertfordshire <br /><a href='https://fbe.mijnhva.nl/en/fbe-az/study-abroad/Fact%20sheets%20partnerinstitutes/University%20of%20Hertfordshire.doc'>Factsheet<a/>,University of Hertfordshire,"University of Hertfordshire, Hatfield, Hertfordshire, AL10 9AB, UK",51.7518204,-0.2387957,"College Ln, Hatfield AL10 9AB, UK",Match,Google
University of Plymouth <br /><a href='https://fbe.mijnhva.nl/en/fbe-az/study-abroad/Fact%20sheets%20partnerinstitutes/Plymouth%20University.doc'>Factsheet<a/>,University of Plymouth,"Drake Circus, Plymouth PL4 8AA, UK",50.374697,-4.1376293,"Portland Square, Drake Circus, Plymouth PL4 8AA, UK",Match,Google
University of Portsmouth <br /><a href='https://fbe.mijnhva.nl/en/fbe-az/study-abroad/Fact%20sheets%20partnerinstitutes/University%20of%20Portsmouth.doc'>Factsheet<a/>,University of Portsmouth,"University House, Winston Churchill Ave, Portsmouth PO1 2UP, UK",50.7951373,-1.0936478,"University House, Portsmouth PO1 2UP, UK",Match,Google
"University of the West of England, Bristol <br /><a href='https://fbe.mijnhva.nl/en/fbe-az/study-abroad/Fact%20sheets%20partnerinstitutes/University%20of%20the%20West%20of%20England,%20Bristol.doc'>Factsheet<a/>","University of the West of England, Bristol","Coldharbour Ln, Stoke Gifford, Bristol BS16 1QY, UK",51.5014355,-2.5443788,"Coldharbour Ln, Stoke Gifford, Bristol BS16, UK",Match,Google
"University of the West of Scotland, Paisley <br /><a href='https://fbe.mijnhva.nl/en/fbe-az/study-abroad/Fact%20sheets%20partnerinstitutes/University%20of%20the%20West%20of%20Scotland%2010-02-2017.doc'>Factsheet<a/>","University of the West of Scotland, Paisley","High St, Paisley PA1 2BE, UK",55.8451334,-4.4276188,"High St, Paisley PA1, UK",Match,Google
Universidad de Montevideo <br /><a href='https://fbe.mijnhva.nl/en/fbe-az/study-abroad/Fact%20sheets%20partnerinstitutes/Universidad%20de%20Montevideo.docx'>Factsheet<a/>,Universidad de Montevideo,"Dr Prudencio de Pena 2544, 11600 Montevideo, Uruguay",-34.8979527,-56.1603758,"Dr Prudencio de Pena 2544, 11600 Montevideo, Uruguay",Match,Google
"Baruch College, New York <br /><a href='https://fbe.mijnhva.nl/en/fbe-az/study-abroad/Fact%20sheets%20partnerinstitutes/Baruch%20College.docx'>Factsheet<a/>","Baruch College, New York","55 Lexington Ave, New York, NY 10010, USA",40.7402384,-73.9835124,"55 Lexington Ave, New York, NY 10010, USA",Match,Google
"Birmingham Southern College, Alabama <br /><a href=''>Factsheet<a/>","Birmingham Southern College, Alabama","900 Arkadelphia Rd, Birmingham, AL 35254, USA",33.5148629,-86.8559116,"900 Arkadelphia Rd, Birmingham, AL 35254, USA",Match,Google
"California State University, Chico <br /><a href='https://fbe.mijnhva.nl/en/fbe-az/study-abroad/Fact%20sheets%20partnerinstitutes/CSU%20Chico.docx'>Factsheet<a/>","California State University, Chico","400 W 1st St, Chico, CA 95929, USA",39.7296139,-121.8457026,"Colusa Hall, 400 W 1st St, Chico, CA 95929, USA",Match,Google
"California State University, Fresno <br /><a href='https://fbe.mijnhva.nl/en/fbe-az/study-abroad/Fact%20sheets%20partnerinstitutes/CSU%20Fresno.docx'>Factsheet<a/>","California State University, Fresno","5241 N Maple Ave, Fresno, CA 93740, USA",36.8108284,-119.7462226,"5241 N Maple Ave, Fresno, CA 93740, USA",Match,Google
"California State University, Long Beach <br /><a href='https://fbe.mijnhva.nl/en/fbe-az/study-abroad/Fact%20sheets%20partnerinstitutes/CSU%20Long%20Beach.doc'>Factsheet<a/>","California State University, Long Beach","1250 Bellflower Blvd, Long Beach, CA 90840, United States",33.7826983,-118.1223044,"1250 N Bellflower Blvd, Long Beach, CA 90815, USA",Match,Google
"California State University, Monterey Bay <br /><a href=''>Factsheet<a/>","California State University, Monterey Bay","100 Campus Center, Seaside, CA 93955, United States",36.6538224,-121.801697,"100 Campus Center, Seaside, CA 93955, USA",Match,Google
"California State University, San Marcos <br /><a href=''>Factsheet<a/>","California State University, San Marcos","333 S Twin Oaks Valley Rd, San Marcos, CA 92096, USA",33.1291277,-117.1596548,"333 S Twin Oaks Valley Rd, San Marcos, CA 92078, USA",Match,Google
"Champlain College, Vermont <br /><a href='https://fbe.mijnhva.nl/en/fbe-az/study-abroad/Fact%20sheets%20partnerinstitutes/Champlain%20College.doc'>Factsheet<a/>","Champlain College, Vermont","163 S Willard St, Burlington, VT 05401, USA",44.4755768,-73.2057021,"Skiff Hall, 163 S Willard St, Burlington, VT 05401, USA",Match,Google
"Fort Lewis College, Colorado <br /><a href='https://fbe.mijnhva.nl/en/fbe-az/study-abroad/Fact%20sheets%20partnerinstitutes/Fort%20Lewis%20College.docx'>Factsheet<a/>","Fort Lewis College, Colorado","Kroeger Hall, 1000 Rim Dr, Durango, CO 81301, USA",37.2737453,-107.8710381,"Kroeger Hall, 1000 Rim Dr, Durango, CO 81301, USA",Match,Google
"LIM College, New York City <br /><a href='https://fbe.mijnhva.nl/en/fbe-az/study-abroad/Fact%20sheets%20partnerinstitutes/Lim%20College.docx'>Factsheet<a/>","LIM College, New York City","216 E 45th St, New York, NY 10017, USA",40.7520969,-73.9721553,"216 E 45th St, New York, NY 10017, USA",Match,Google
"Loyola University, Maryland <br /><a href='https://fbe.mijnhva.nl/en/fbe-az/study-abroad/Fact%20sheets%20partnerinstitutes/Loyola%20University%20Maryland.doc'>Factsheet<a/>","Loyola University, Maryland","4501 North Charles Street, Baltimore, MD 21210, USA",39.3462249,-76.6213069,"4501 N Charles St, Baltimore, MD 21210, USA",Match,Google
"Northern Arizona University, Flagstaff <br /><a href='https://fbe.mijnhva.nl/en/fbe-az/study-abroad/Fact%20sheets%20partnerinstitutes/Northern%20Arizona%20University.docx'>Factsheet<a/>","Northern Arizona University, Flagstaff","1899 S San Francisco St, Flagstaff, AZ 86011, USA",35.1811687,-111.6519781,"1899 S San Francisco St, Flagstaff, AZ 86001, USA",Match,Google
Southeast Missouri State University <br /><a href='https://fbe.mijnhva.nl/en/fbe-az/study-abroad/Fact%20sheets%20partnerinstitutes/Southeast%20Missouri%20State%20University.docx'>Factsheet<a/>,Southeast Missouri State University,"1 University Plaza, Cape Girardeau, MO 63701, USA",37.3126443,-89.5310043,"1 University Plaza, Cape Girardeau, MO 63701, USA",Match,Google
State University of New York at Buffalo <br /><a href='https://fbe.mijnhva.nl/en/fbe-az/study-abroad/Fact%20sheets%20partnerinstitutes/Buffalo%20State%20College%20at%20Buffalo.docx'>Factsheet<a/>,State University of New York at Buffalo,"Buffalo, NY 14260, USA",42.8711,-78.8593199,"Buffalo, NY 14260, USA",Match,Google
University of Central Oklahoma <br /><a href=''>Factsheet<a/>,University of Central Oklahoma,"100 N University Dr, Edmond, OK 73034, USA",35.6551099,-97.4720166,"100 N University Dr, Edmond, OK 73034, USA",Match,Google
"University of Miami, Florida <br /><a href='https://fbe.mijnhva.nl/en/fbe-az/study-abroad/Fact%20sheets%20partnerinstitutes/University%20of%20Miami.docx'>Factsheet<a/>","University of Miami, Florida","University of Miami, Florida",25.7191685,-80.2771253,"1320 S Dixie Hwy, Coral Gables, FL 33146, USA",Match,Google
Hutech University Saigon <br /><a href='https://fbe.mijnhva.nl/en/fbe-az/study-abroad/Fact%20sheets%20partnerinstitutes/Hutech%20University.docx'>Factsheet<a/>,Hutech University Saigon,"475 A Điện Biên Phủ, Phường 25, Bình Thạnh, Hồ Chí Minh, Vietnam",10.801675,106.714432,"475a Điện Biên Phủ, Phường 25, Bình Thạnh, Hồ Chí Minh 70000, Vietnam",Partial Match,Google
RMIT University Vietnam <br /><a href='https://fbe.mijnhva.nl/en/fbe-az/study-abroad/Fact%20sheets%20partnerinstitutes/RMIT%20Vietnam%20factsheet.docx'>Factsheet<a/>,RMIT University Vietnam,"702 Nguyễn Văn Linh, Tân Hưng, Quận 7, Hồ Chí Minh 700000, Vietnam",10.7294434,106.6927383,"702 Nguyễn Văn Linh, Tân Hưng, Quận 7, Hồ Chí Minh, Vietnam",Match,Google
