Text,University name,Address,Latitude,Longitude,Found Address,Match Quality,Source
UADE (Current number of students: 6)<br /><a href='https://fbe.mijnhva.nl/en/fbe-az/study-abroad/_layouts/15/WopiFrame.aspx?sourcedoc=/en/fbe-az/study-abroad/Fact%20sheets%20partnerinstitutes/UADE.docx&action=default'>Facesheet<a/>,UADE,Av. Intermédanos Sur 776,-37.115962,-56.885179,"Av. Intermédanos 776, B7167CAV Pinamar, Buenos Aires, Argentina",Match,Google
Universidad Austral (Current number of students: 2),Universidad Austral,"Mariano Acosta 1611, B1630FHB Pilar, Buenos Aires",-34.4565622,-58.8589786,"Mariano Acosta 1611, La Lonja, Buenos Aires, Argentina",Match,Google
"Universidad del Salvador (USAL), Buenos Aires (Current number of students: 0)","Universidad del Salvador (USAL), Buenos Aires",Avda. Callao esquina Córdoba C1023AAB,-34.5996357,-58.3929341,"Av. Córdoba & Av. Callao, C1055 CABA, Argentina",Match,Google
Curtin University (Current number of students: 0),Curtin University,"Kent Street, Bentley, Perth, Western Australia, 6102",-32.0012929,115.887358,"Kent St, Bentley DC WA 6102, Australia",Match,Google
Royal Melbourne Institute of Technology (RMIT) (Current number of students: 0),Royal Melbourne Institute of Technology (RMIT),"124 La Trobe Street, Melbourne VIC 3000",-37.808077,144.9644363,"124 La Trobe St, Melbourne VIC 3000, Australia",Match,Google
University of Southern Queensland (Current number of students: 0),University of Southern Queensland,"West St, Darling Heights QLD 4350, Australia",-27.6042497,151.9355999,"West St, Darling Heights QLD 4350, Australia",Match,Google
FH Wien der WKW (Current number of students: 0),FH Wien der WKW,"Währinger Gürtel 97, 1180 Wien, Austria",48.2266275,16.3488923,"Währinger Gürtel 97, 1180 Wien, Austria",Match,Google
University of Applied Sciences of BFI Vienna (Current number of students: 1),University of Applied Sciences of BFI Vienna,"Wohlmutstraße 22, 1020 Wien, Austria",48.2191963,16.4033427,"Fachhochschule Bank- und Finanzwirtschaft Wien, Wohlmutstraße 22, 1020 Wien, Austria",Match,Google
Universidad Privada Boliviana (UPB) (Current number of students: 0),Universidad Privada Boliviana (UPB),"Av Juan Pablo II, Colcapirhua, Bolivia",-17.3985866,-66.2172362,"Av Juan Pablo II, Colcapirhua, Bolivia",Match,Google
"Ibmec, Rio de Janeiro (Current number of students: 1)","Ibmec, Rio de Janeiro","Av. Pres. Wilson, 118 - Centro, Rio de Janeiro - RJ, 20030-020, Brazil",-22.912357,-43.1738686,"Av. Pres. Wilson, 118 - Centro, Rio de Janeiro - RJ, 20030-020, Brazil",Match,Google
"Pontífica Universitat Católica, PUC-Rio (Current number of students: 0)","Pontífica Universitat Católica, PUC-Rio","R. Marquês de São Vicente, 225 - Gávea, Rio de Janeiro - RJ, 22451-900, Brazil",-22.9796128,-43.2330669,"R. Marquês de São Vicente, 225 - Gávea, Rio de Janeiro - RJ, 22451-040, Brazil",Match,Google
"Bishop's University, Lennoxville (Current number of students: 4)","Bishop's University, Lennoxville","2600 College St, Sherbrooke, QC J1M 1Z7, Canada",45.3616173,-71.8452225,"2600 Rue College, Sherbrooke, QC J1M 1Z7, Canada",Match,Google
"John Molson School of Business, Concordia University (Current number of students: 0)","John Molson School of Business, Concordia University","1450 Guy St, Montreal, QC H3H 0A1, Canada",45.4952779,-73.5790443,"1450 Rue Guy, Montréal, QC H3H 1J5, Canada",Match,Google
Kwantlen Polytechnic University (Current number of students: 1),Kwantlen Polytechnic University,"8771 Lansdowne Rd, Richmond, BC V6X 3X7, Canada",49.1746454,-123.1274822,"8771 Lansdowne Rd, Richmond, BC V6X 3X7, Canada",Match,Google
Kwantlen Polytechnic University (Current number of students: 1),Kwantlen Polytechnic University,"12666 72 Ave, Surrey, BC V3W 2M8, Canada",49.1324694,-122.8706617,"12666 72 Ave, Surrey, BC V3W 2M8, Canada",Match,Google
Memorial University of Newfoundland (Current number of students: 0),Memorial University of Newfoundland,"230 Elizabeth Ave, St. John's, NL A1C 5S7, Canada",47.5713056,-52.7327106,"Arts and Administration, 230 Elizabeth Ave, St. John's, NL A1B 1T5, Canada",Match,Google
"Saint Mary's University, Halifax (Current number of students: 2)","Saint Mary's University, Halifax","923 Robie St, Halifax, NS B3H 3C3, Canada",44.6313301,-63.5814571,"923 Robie St, Halifax, NS B3H 1G3, Canada",Match,Google
Université du Québec à Montréal (UQAM) (Current number of students: 8),Université du Québec à Montréal (UQAM),"405 Rue Sainte-Catherine Est, Montréal, QC H2L 2C4, Canada",45.5141258,-73.5605506,"405 Rue Sainte-Catherine E, Montréal, QC H2X 3S1, Canada",Match,Google
"University of Manitoba, Winnipeg (Current number of students: 2)","University of Manitoba, Winnipeg","66 Chancellors Cir, Winnipeg, MB R3T 2N2, Canada",49.8096036,-97.1327377,"66 Chancellors Cir, Winnipeg, MB R3T 2N2, Canada",Match,Google
University of Ottawa (Current number of students: 7),University of Ottawa,"75 Laurier Ave E, Ottawa, ON K1N 6N5, Canada",45.4243564,-75.6863489,"Tabaret, 75 Laurier Ave E, Ottawa, ON K1N 6N6, Canada",Match,Google
Universidad de Santiago de Chile (USACH) (Current number of students: 0),Universidad de Santiago de Chile (USACH),"Av Libertador Bernardo O'Higgins 3363, Santiago, Estación Central, Región Metropolitana, Chile",-33.4507733,-70.6795493,"Av Libertador Bernardo O'Higgins 3363, Santiago, Estación Central, Región Metropolitana, Chile",Match,Google
Universidad de Talca (Current number of students: 0),Universidad de Talca,"2, Dos Nte 685, Talca, Región del Maule, Chile",-35.4243455,-71.6668858,"2 - Dos Nte 685, Talca, Región del Maule, Chile",Match,Google
Beijing Foreign Studies University (Current number of students: 0),Beijing Foreign Studies University,"19 W 3rd Ring Rd N, Haidian Qu, Beijing Shi, China",39.956351,116.308221,"China, Beijing Shi, Haidian Qu, W 3rd Ring Rd N, 19号-12",Match,Google
"Jiangxi University of Finance and Economics, Nanchang (JUFE) (Current number of students: 0)","Jiangxi University of Finance and Economics, Nanchang (JUFE)","Qingshanhu, Nanchang, China, 330029",28.6638924,115.9321829,"Qingshanhu, Nanchang, Jiangxi, China, 330029",Match,Google
Shanghai University of Finance and Economics (SHUFE) (Current number of students: 0),Shanghai University of Finance and Economics (SHUFE),"318 Wuchuan Rd, WuJiaoChang, Yangpu Qu, Shanghai Shi, China, 200433",31.304953,121.498546,"318 Wuchuan Rd, WuJiaoChang, Yangpu Qu, Shanghai Shi, China, 200433",Match,Google
"Southwestern University of Finance and Economics, Chengdu (SWUFE) (Current number of students: 0)","Southwestern University of Finance and Economics, Chengdu (SWUFE)","China, Sichuan, Chengdu, Qingyang, Guanghuacun St, 55号附16",30.662819,104.016322,"55 Guanghuacun St, Qingyang Qu, Chengdu Shi, Sichuan Sheng, China, 610072",Partial Match,Google
University of Macau (Current number of students: 0),University of Macau,"University of Macau, Avenida da Universidade, Taipa, Macau, China",22.151407,113.56533,"Avenida Wai Long, Macau University of Science And Technology, BlocoE, Sala 312, Taipa, Macau",Match,Google
"Universidad del Rosario, Bogotá (Current number of students: 0)","Universidad del Rosario, Bogotá","Cl. 12c #Nº 6-25, Bogotá, Colombia",4.6000788,-74.0732928,"Cl. 12c #6-25, Bogotá, Colombia",Match,Google
University of Dubrovnik (Current number of students: 1),University of Dubrovnik,"Ul. branitelja Dubrovnika 29, 20000, Dubrovnik, Croatia",42.643515,18.1020806,"Ul. branitelja Dubrovnika 29, 20000, Dubrovnik, Croatia",Match,Google
University of Zagreb (Current number of students: 0),University of Zagreb,"Trg Republike Hrvatske 14, 10000, Zagreb, Croatia",45.8106889,15.9697192,"Trg Republike Hrvatske 14, 10000, Zagreb, Croatia",Match,Google
Czech University of life Sciences Prague (Current number of students: 0),Czech University of life Sciences Prague,"Kamýcká 129, 165 00 Praha-Suchdol, Czechia",50.1299943,14.3735981,"Kamýcká 129, 165 00 Praha-Suchdol, Czechia",Match,Google
"University of Southern Denmark, Campus Slagelse (Current number of students: 0)","University of Southern Denmark, Campus Slagelse","Søndre Stationsvej 28, 4200 Slagelse, Denmark",55.4071854,11.346925,"Søndre Stationsvej 28, 4200 Slagelse, Denmark",Match,Google
"University of Southern Denmark, Campus Sønderborg (Current number of students: 0)","University of Southern Denmark, Campus Sønderborg","Alsion 2, 6400 Sønderborg, Denmark",54.9130062,9.7792816,"Alsion 2, 6400 Sønderborg, Denmark",Match,Google
"University of Southern Denmark, Campus Esbjerg (Current number of students: 0)","University of Southern Denmark, Campus Esbjerg","Niels Bohrs Vej 9-10, 6700 Esbjerg, Denmark",55.49104,8.449502,"Niels Bohrs Vej 9, 10, 6700 Esbjerg, Denmark",Match,Google
"University of Southern Denmark, Campus Odense (Current number of students: 0)","University of Southern Denmark, Campus Odense","Campusvej 55, 5230 Odense, Denmark",55.3683771,10.4270615,"Campusvej 55, 5220 Odense, Denmark",Match,Google
Laurea University of Applied Sciences (Current number of students: 0),Laurea University of Applied Sciences,"Ratatie 22, 01300 Vantaa, Finland",60.294987,25.0440579,"Ratatie 22, 01300 Vantaa, Finland",Match,Google
"TAMK University of Applied Sciences, Tampere (Current number of students: 0)","TAMK University of Applied Sciences, Tampere","Kuntokatu 3, 33520 Tampere, Finland",61.5041038,23.8089114,"Kuntokatu 3, 33520 Tampere, Finland",Match,Google
Ecole Supérieure de Commerce la Rochelle (Current number of students: 0),Ecole Supérieure de Commerce la Rochelle,"102 Rue de Coureilles, 17000 La Rochelle, France",46.1406574,-1.156153,"102 Rue de Coureilles, 17000 La Rochelle, France",Match,Google
"EDC Paris Business School, Courbevoie (Current number of students: 0)","EDC Paris Business School, Courbevoie","70 Galerie des Damiers, 92415 Courbevoie, France",48.8896843,2.2531827,"70 Galerie des Damiers, 92415 Courbevoie, France",Match,Google
EDHEC Business School Lille (Current number of students: 0),EDHEC Business School Lille,"24 Avenue Gustave Delory, 59100 Roubaix, France",50.6751879,3.1693917,"24 Avenue Gustave Delory, 59100 Roubaix, France",Match,Google
EDHEC Business School Nice (Current number of students: 0),EDHEC Business School Nice,"393, Promenade des Anglais - BP3116 06202 Nice Cedex 3 - France",43.6692546,7.221142,"393 Prom. des Anglais, 06200 Nice, France",Partial Match,Google
ESC Rennes School of Business (Current number of students: 0),ESC Rennes School of Business,"2 Rue Robert d'Arbrissel, 35065 Rennes, France",48.1277323,-1.6923425,"2 Rue Robert d'Arbrissel, 35000 Rennes, France",Match,Google
"ESCE International Business School, Paris (Current number of students: 0)","ESCE International Business School, Paris","10 Rue Sextius Michel, 75015 Paris, France",48.8511011,2.2885372,"10 Rue Sextius Michel, 75015 Paris, France",Match,Google
ESCEM School of Business & Management Poitiers/Tours (Current number of students: 0),ESCEM School of Business & Management Poitiers/Tours,"8 Rue Léo Delibes, 37200 Tours, France",47.3654934,0.7050884,"8 Rue Léo Delibes, 37200 Tours, France",Match,Google
"ESSEC Business School, Cergy-Pontoise (Current number of students: 3)","ESSEC Business School, Cergy-Pontoise","3 Avenue Bernard Hirsch, 95021 Cergy-Pontoise, France",49.0335759,2.0753632,"3 Avenue Bernard Hirsch, 95000 Cergy, France",Match,Google
Groupe ESC PAU (Current number of students: 0),Groupe ESC PAU,"3 Rue Saint-John Perse, 64000 Pau, France",43.3176753,-0.3644136,"3 Rue Saint-John Perse, 64000 Pau, France",Match,Google
Kedge Business School Marseille (Current number of students: 0),Kedge Business School Marseille,"Domaine de Luminy, Rue Antoine Bourdelle 13009 Marseille - France",43.232356,5.433561,"Domaine de Luminy, Rue Antoine Bourdelle, 13009 Marseille, France",Match,Google
Kedge Business School Bordeaux (Current number of students: 0),Kedge Business School Bordeaux,680 cours Libération 33405 Talence - France,44.7964981,-0.6020615,"680 Cours de la Libération, 33405 Talence, France",Match,Google
PSB Paris School of Business (ex Groupe ESG / PGSM) (Current number of students: 0),PSB Paris School of Business (ex Groupe ESG / PGSM),"59 Rue Nationale, 75013 Paris, France",48.8255126,2.3665205,"59 Rue Nationale, 75013 Paris, France",Match,Google
Fachhochschule Dortmund (Current number of students: 0),Fachhochschule Dortmund,"Sonnenstraße 96, 44139 Dortmund, Germany",51.5056431,7.4574777,"Sonnenstraße 96, 44139 Dortmund, Germany",Match,Google
Hochschule Düsseldorf (Current number of students: 0),Hochschule Düsseldorf,"Münsterstraße 156, 40476 Düsseldorf, Germany",51.2468622,6.7916869,"Münsterstraße 156, 40476 Düsseldorf, Germany",Match,Google
Frankfurt University of Applied Sciences (Current number of students: 0),Frankfurt University of Applied Sciences,"Nibelungenpl 1, 60318 Frankfurt am Main, Germany",50.1286856,8.6916861,"Nibelungenpl 1, 60318 Frankfurt am Main, Germany",Match,Google
TH Köln/University of Applied Sciences (Current number of students: 0),TH Köln/University of Applied Sciences,"Ubierring 40, 50678 Köln, Germany",50.9214682,6.9629659,"Ubierring 40, 50678 Köln, Germany",Match,Google
Technische Hochschule Nürnberg Georg Simon Ohm (Current number of students: 0),Technische Hochschule Nürnberg Georg Simon Ohm,"Keßlerpl. 12, 90489 Nürnberg, Germany",49.4528343,11.0932366,"KA-Gebäude GSO, Keßlerpl. 12, 90489 Nürnberg, Germany",Match,Google
Hochschule für Wirtschaft und Recht Berlin (Current number of students: 0),Hochschule für Wirtschaft und Recht Berlin,"Badensche Str. 52, 10825 Berlin, Germany",52.4854703,13.3382037,"Badensche Str. 52, 10825 Berlin, Germany",Match,Google
Fachhochschule für Angewandte Wissenschaften Hamburg (Current number of students: 0),Fachhochschule für Angewandte Wissenschaften Hamburg,"Berliner Tor 5, 20099 Hamburg, Germany",53.5565997,10.0219843,"Haus A, Berliner Tor 5, 20099 Hamburg, Germany",Match,Google
International Black Sea University (Current number of students: 0),International Black Sea University,"2 0131, 13km დავით აღმაშენებლის ხეივანი, Tbilisi, Georgia",41.7973758,44.7739649,"2 0131, 13km დავით აღმაშენებლის ხეივანი, Tbilisi, Georgia",Match,Google
Hang Seng University of Hong Kong (Current number of students: 0),Hang Seng University of Hong Kong,"Hang Shin Ln, Siu Lek Yuen, Hong Kong",22.379357,114.212273,"Hang Shin Ln, Siu Lek Yuen, Hong Kong",Match,Google
International Business School Budapest (Current number of students: 0),International Business School Budapest,"Budapest, Záhony u. 7, 1031 Hungary",47.560731,19.0559462,"Budapest, Záhony utca 7, 1031 Hungary",Match,Google
University of Debrecen (UNIDEB) (Current number of students: 0),University of Debrecen (UNIDEB),"Debrecen, Egyetem tér 1, 4032 Hungary",47.5540468,21.6215226,"Debrecen, Egyetem tér 1, 4032 Hungary",Match,Google
Universitas Pelita Harapan (Current number of students: 1),Universitas Pelita Harapan,"Jl. MH. Thamrin Boulevard 1100, Klp. Dua, Karawaci, Tangerang, Banten 15811, Indonesia",-6.2136384,106.6295725,"Jl. MH. Thamrin, Kota Tangerang, Banten, Indonesia",Match,Google
Università Carlo Cattaneo - LIUC (Current number of students: 0),Università Carlo Cattaneo - LIUC,"Corso G. Matteotti, 22, 21053 Castellanza VA, Italy",45.6119918,8.9015315,"Corso Giacomo Matteotti, 22, 21053 Castellanza VA, Italy",Match,Google
Università Cattolica del Sacro Cuore (UCSC) (Current number of students: 0),Università Cattolica del Sacro Cuore (UCSC),"Largo Agostino Gemelli, 1, 20123 Milano MI, Italy",45.4619108,9.1770225,"Largo Agostino Gemelli, 1, 20123 Milano MI, Italy",Match,Google
Akita International University (Current number of students: 1),Akita International University,"Okutsubakidai-193-2 Yuwatsubakigawa, Akita, 010-1292, Japan",39.6266996,140.1981405,"Okutsubakidai-193-2 Yuwatsubakigawa, Akita, 010-1292, Japan",Match,Google
Kansai Gaidai University (Current number of students: 2),Kansai Gaidai University,"16-1 Nakamiya Higashinochō, Hirakata, Osaka 573-1195, Japan",34.8232415,135.6641491,"16-1 Nakamiya Higashinochō, Hirakata, Osaka 573-1195, Japan",Match,Google
"Momoyama Gakuin University, Osaka (Current number of students: 2)","Momoyama Gakuin University, Osaka","1-1 Manabino, Izumi, Osaka 594-1152, Japan",34.4521145,135.4551036,"1 Manabino, Izumi, Osaka 594-1152, Japan",Partial Match,Google
Seinan Gakuin University (Current number of students: 1),Seinan Gakuin University,"6 Chome-2-９２ Nishijin, Sawara Ward, Fukuoka, 814-0002, Japan",33.5846304,130.3548747,"6-chōme-2-92 Nishijin, Sawara-ku, Fukuoka, 814-0002, Japan",Match,Google
Toyo University (Current number of students: 4),Toyo University,"5 Chome-28-２０ Hakusan, Bunkyo City, Tokyo 112-8606, Japan",35.7235908,139.7496751,"Japan, 〒112-8606 Tokyo, Bunkyo City, Hakusan, 5 Chome−28−２０ 東洋大学６号館 B１F",Match,Google
Yamanashi Gakuin University (Current number of students: 0),Yamanashi Gakuin University,"2 Chome-4-5 Sakaori, Kofu, Yamanashi 400-8575, Japan",35.6566427,138.6010022,"2 Chome-4-5 Sakaori, Kofu, Yamanashi 400-8575, Japan",Match,Google
"Narxoz University, Almaty (Current number of students: 0)","Narxoz University, Almaty","Zhandosov Street 55, Almaty 050035, Kazakhstan",43.2146261,76.8711279,"Zhandosov Street 55, Almaty, Kazakhstan",Match,Google
Handong University (Current number of students: 0),Handong University,"South Korea, Gyeongsangbuk-do, Pohang, Buk-gu, 흥해읍 한동로 558",36.102232,129.3897838,"558 Handong-ro, Heunghae-eup, Buk-gu, Pohang, Gyeongsangbuk-do, South Korea",Match,Google
Hanyang University (Current number of students: 0),Hanyang University,"222 Wangsimni-ro, Sageun-dong, Seongdong-gu, Seoul, South Korea",37.5572321,127.0453219,"222 Wangsimni-ro, Sageun-dong, Seongdong-gu, Seoul, South Korea",Match,Google
Kookmin University (Current number of students: 0),Kookmin University,"77 Jeongneung-ro, Jeongneung-dong, Seongbuk-gu, Seoul, South Korea",37.6108694,126.9972889,"77 Jeongneung-ro, Jeongneung 3(sam)-dong, Seongbuk-gu, Seoul, South Korea",Match,Google
Yeungnam University (Current number of students: 0),Yeungnam University,"280 Daehak-ro, Joyeong-dong, Gyeongsan, Gyeongsangbuk-do, South Korea",35.8367325,128.754368,"280 Daehak-ro, Bukbu-dong, Gyeongsan, Gyeongsangbuk-do, South Korea",Match,Google
Vilniaus Kolegija / University of Applied Sciences (Current number of students: 0),Vilniaus Kolegija / University of Applied Sciences,"Saltoniškių g. 58, Vilnius 08105, Lithuania",54.6961413,25.2569033,"Saltoniškių g. 58, Vilnius 08105, Lithuania",Match,Google
"Universiti Sains Malaysia, Penang (Current number of students: 0)","Universiti Sains Malaysia, Penang","11800 Gelugor, Penang, Malaysia",5.3574545,100.301096,"11800 Gelugor, Penang, Malaysia",Match,Google
Instituto Tecnologico Autónomo de México (ITAM) (Current number of students: 0),Instituto Tecnologico Autónomo de México (ITAM),"Río Hondo 1, Altavista, 01080 Ciudad de México, CDMX, Mexico",19.3450908,-99.2001039,"Río Hondo 1, Altavista, 01080 Ciudad de México, CDMX, Mexico",Match,Google
TEC de Monterrey Campus Estado de México (Current number of students: 0),TEC de Monterrey Campus Estado de México,"Av Lago de Guadalupe KM 3.5, Margarita Maza de Juárez, 52926 Cd López Mateos, Méx., Mexico",19.5949154,-99.2276742,"Av Lago de Guadalupe KM 3.5, Margarita Maza de Juárez, 52926 Cd López Mateos, Méx., Mexico",Match,Google
TEC de Monterrey Campus Guadalajara (Current number of students: 0),TEC de Monterrey Campus Guadalajara,"Avenida General Ramón Corona 2514 Nuevo México, 45138 Zapopan, Jal., Mexico",20.7345732,-103.455512,"Avenida General Ramón Corona 2514, Centro, 45136 Zapopan, Jal., Mexico",Match,Google
"TEC de Monterrey, Campus Monterrey (Current number of students: 3)","TEC de Monterrey, Campus Monterrey","Av. Eugenio Garza Sada 2501 Sur, Tecnológico, 64849 Monterrey, N.L., Mexico",25.6515415,-100.2911811,"Av. Eugenio Garza Sada 2501, Tecnológico, 64849 Monterrey, N.L., Mexico",Match,Google
Universidad Anáhuac Mayab (Current number of students: 0),Universidad Anáhuac Mayab,"Carretera Mérida-Progreso Km 15.5 interior Km 2 Carretera a Chablekal, Cordemex, 97310 Mérida, Yuc., Mexico",21.1108337,-89.6118723,"Carretera Mérida-Progreso Km 15.5 interior Km 2 Carretera a Chablekal, Cordemex, 97310 Mérida, Yuc., Mexico",Match,Google
"Universidad Iberoamericana, Santa Fé Ciudad de México (Current number of students: 4)","Universidad Iberoamericana, Santa Fé Ciudad de México","Prolongacion Paseo de la Reforma 880, Lomas de Santa Fe, Zedec Sta Fé, 01219 Ciudad de México, CDMX, Mexico",19.3589393,-99.2733272,"Prolongacion Paseo de la Reforma 880, Santa Fe, Contadero, 01219 Ciudad de México, CDMX, Mexico",Match,Google
Oslo Metropolitan University (OsloMet) (Current number of students: 0),Oslo Metropolitan University (OsloMet),"Clara Holsts hus, Pilestredet 46, 0167 Oslo, Norway",59.9210891,10.7333919,"Clara Holsts hus, Pilestredet 46, 0167 Oslo, Norway",Match,Google
"Universidad San Ignacio de Loyola (ISG), Lima (USIL) (Current number of students: 0)","Universidad San Ignacio de Loyola (ISG), Lima (USIL)","Av. la Fontana 550, La Molina 00012, Peru",-12.072888,-76.9516609,"Av. la Fontana 550, La Molina 00012, Peru",Match,Google
Jagiellonian University (Current number of students: 0),Jagiellonian University,"Gołębia 24, 31-007 Kraków, Poland",50.0610645,19.9328982,"Gołębia 24, 31-007 Kraków, Poland",Match,Google
"Kozminski University, Warsaw (Current number of students: 0)","Kozminski University, Warsaw","Jagiellońska 57, 03-301 Warszawa, Poland",52.2712979,21.015148,"Jagiellońska 57, 00-401 Warszawa, Poland",Match,Google
Universidade Católica Portuguesa (Current number of students: 0),Universidade Católica Portuguesa,"R. de Diogo Botelho 1327, 4169-005 Porto, Portugal",41.1517376,-8.6679328,"R. de Diogo Botelho 1327, 4150-513 Porto, Portugal",Match,Google
"Universitatea Babes Bolyai, Cluj-Napoca (Current number of students: 0)","Universitatea Babes Bolyai, Cluj-Napoca","Strada Universității 7-9, Cluj-Napoca 400084, Romania",46.767306,23.590735,"Strada Universității 7, Cluj-Napoca 400000, Romania",Match,Google
University of Bucharest (Current number of students: 0),University of Bucharest,"Bulevardul Regina Elisabeta 4-12, București 030018, Romania",44.435348,26.10134,"Bulevardul Regina Elisabeta 4, București 030167, Romania",Match,Google
"Plekhanov Russian University of Economics, Moscow (Current number of students: 0)","Plekhanov Russian University of Economics, Moscow","Stremyannyy Pereulok, 36, Moskva, Russia, 115093",55.727054,37.6271141,"Stremyannyy Pereulok, 36, Moskva, Russia, 115093",Match,Google
Nanyang Technological University (Nanyang Business School) (Current number of students: 0),Nanyang Technological University (Nanyang Business School),"50 Nanyang Ave, block s3, Singapore 639798",1.3442459,103.6803242,"50 Nanyang Ave, block s3, Singapore 639798",Match,Google
"University of the Free State, Bloemfontein (Current number of students: 2)","University of the Free State, Bloemfontein","205 Nelson Mandela Dr, Park West, Bloemfontein, 9301, South Africa",-29.1038123,26.186225,"205 Nelson Mandela Dr, Brandwag, Bloemfontein, 9301, South Africa",Match,Google
Universitat Ramon Llull - Blanquerna School of Communication and International Relations (FCRIB-URL) (Current number of students: 0),Universitat Ramon Llull - Blanquerna School of Communication and International Relations (FCRIB-URL),"Passeig de Sant Gervasi, 47, 08022 Barcelona, Spain",41.4105288,2.1355702,"Passeig de Sant Gervasi, 47, 08022 Barcelona, Spain",Match,Google
"Cesine Centro Universitario, Santander (Current number of students: 0)","Cesine Centro Universitario, Santander","Calle José Simón Cabarga, 6, 39005 Santander, Cantabria, Spain",43.4715599,-3.79155,"Calle José Simón Cabarga, 6, 39005 Santander, Cantabria, Spain",Match,Google
"EAE Business School, Barcelona (Current number of students: 0)","EAE Business School, Barcelona","Carrer d'Aragó, 55, 08015 Barcelona, Spain",41.3803349,2.1489773,"Carrer d'Aragó, 55, 08015 Barcelona, Spain",Match,Google
"EAE Business School, Barcelona (Current number of students: 0)","EAE Business School, Barcelona","Carrer de Tarragona, 110, 08015 Barcelona, Spain",41.3801139,2.1436558,"Carrer de Tarragona, 110, 08015 Barcelona, Spain",Match,Google
"ESIC Business & Marketing School, Madrid (Current number of students: 0)","ESIC Business & Marketing School, Madrid","Camino Valdenigriales, s/n, 28223 Pozuelo de Alarcón, Madrid, Spain",40.4371447,-3.8058704,"Camino Valdenigriales, 28223 Pozuelo de Alarcón, Madrid, Spain",Match,Google
Universidad Carlos III de Madrid (Current number of students: 4),Universidad Carlos III de Madrid,"Calle Madrid, 126, 28903 Getafe, Madrid, Spain",40.3158475,-3.7266706,"Calle Madrid, 126, 28903 Getafe, Madrid, Spain",Match,Google
"Universidad Complutense, Madrid (Current number of students: 1)","Universidad Complutense, Madrid","Av. Séneca, 2, 28040 Madrid, Spain",40.4375731,-3.7252231,"Av. Séneca, 2, 28040 Madrid, Spain",Match,Google
"Universidad San Pablo-CEU, Madrid (Current number of students: 6)","Universidad San Pablo-CEU, Madrid","Calle Julián Romea, 23, 28003 Madrid, Spain",40.4425521,-3.7172311,"Edif. A, Calle Julián Romea, 23, 28003 Madrid, Spain",Match,Google
"Universidad de Deusto, San Sebastian (Current number of students: 5)","Universidad de Deusto, San Sebastian",International Relations Camino de Mundaiz 5020012 San Sebastian,43.310066,-1.976723,"Universidad de Deusto, Mundaitz Kalea, 50, 20012 Donostia, Gipuzkoa, Spain",Match,Google
Universidad Europea de Valencia (Current number of students: 0),Universidad Europea de Valencia,"Carrer del General Elio, 2, 46010 València, Spain",39.4777779,-0.3669452,"Carrer del General Elio, 2, 46010 València, Valencia, Spain",Match,Google
"Universitat de Barcelona, Escola Universitària d'Estudis Empresarials (Current number of students: 0)","Universitat de Barcelona, Escola Universitària d'Estudis Empresarials","Avinguda Diagonal, 696, 08034 Barcelona, Spain",41.3851696,2.1115691,"Avinguda Diagonal, 696, 08034 Barcelona, Spain",Match,Google
Universitat de Valencia (Current number of students: 2),Universitat de Valencia,"Av. de Blasco Ibáñez, 13, 46010 València, Spain",39.4796057,-0.364354,"Av. de Blasco Ibáñez, 13, 46010 València, Valencia, Spain",Match,Google
Universidad Loyola Andalucia (Current number of students: 0),Universidad Loyola Andalucia,"Calle del Escritor Castilla Aguayo Nº4, 14004 Córdoba, Spain",37.86851,-4.790027,"Calle del Escritor Castilla Aguayo Nº4, 14004 Córdoba, Spain",Match,Google
Universidad Pablo de Olavide Sevilla (Current number of students: 0),Universidad Pablo de Olavide Sevilla,"Ctra. de Utrera, 1, 41013 Sevilla, Spain",37.35817,-5.94988,"Ctra. de Utrera, 1, 41013 Sevilla, Spain",Match,Google
Halmstad University (Current number of students: 0),Halmstad University,"Kristian IV:s väg 3, 301 18 Halmstad, Sweden",56.6638865,12.8760885,"301, Kristian IV:s väg 3, 302 50 Halmstad, Sweden",Match,Google
Örebro University (Current number of students: 0),Örebro University,"Fakultetsgatan 1, 702 81 Örebro, Sweden",59.2547883,15.2492854,"Långhuset, Fakultetsgatan 1, 701 82 Örebro, Sweden",Match,Google
Stockholm University (Current number of students: 0),Stockholm University,"Frescativägen, 114 19 Stockholm, Sweden",59.3626464,18.0561035,"Frescativägen, 114 19 Stockholm, Sweden",Match,Google
University of Applied Sciences and Arts North-western Switzerland (FHNW) (Current number of students: 0),University of Applied Sciences and Arts North-western Switzerland (FHNW),"Bahnhofstrasse 6, 5210 Windisch, Switzerland",47.4817211,8.2113634,"Bahnhofstrasse 6, 5210 Windisch, Switzerland",Match,Google
"Zürich University of Applied Sciences, Winterthur (ZHAW) (Current number of students: 0)","Zürich University of Applied Sciences, Winterthur (ZHAW)","Gertrudstrasse 15, 8400 Winterthur, Switzerland",47.4999345,8.7203081,"Gertrudstrasse 15, 8400 Winterthur, Switzerland",Match,Google
Ming Chuan University (Current number of students: 4),Ming Chuan University,"No. 250號, Section 5, Zhongshan North Road, Shilin District, Taipei City, Taiwan 111",25.0872814,121.5268849,"No. 250, Section 5, Zhongshan North Road, Shilin District, Taipei City, Taiwan 111",Partial Match,Google
National Sun Yat-sen University (Current number of students: 0),National Sun Yat-sen University,"No.70 Lienhai Road, Gushan District, Kaohsiung City, Taiwan 80424",22.628388,120.264737,"No. 70, Lianhai Road, Gushan District, Kaohsiung City, Taiwan 804",Partial Match,Google
National Taipei University of Technology (Current number of students: 0),National Taipei University of Technology,"No. 1號, Section 3, Zhongxiao East Road, Da’an District, Taipei City, Taiwan 106",25.0424339,121.5356358,"No. 1, Section 3, Zhongxiao East Road, Da’an District, Taipei City, Taiwan 106",Partial Match,Google
"Chulalongkorn University, Bangkok (Current number of students: 2)","Chulalongkorn University, Bangkok","Faculty of Commerce and Accountancy Chhulalongkorn University Phaya Thai Road, Phathomwan , Bangkok 10330, Khwaeng Pathum Wan, Khet Pathum Wan, Krung Thep Maha Nakhon 10330, Thailand",13.7338328,100.5296354,"Faculty of Commerce and Accountancy Chhulalongkorn University Phaya Thai Road, Phathomwan , Bangkok 10330, 10330, Thailand",Match,Google
"Kasetsart University, Bangkok (Current number of students: 0)","Kasetsart University, Bangkok","50 Thanon Ngam Wong Wan, Khwaeng Lat Yao, Khet Chatuchak, Krung Thep Maha Nakhon 10900, Thailand",13.8450962,100.57076,"50 Thanon Ngamwongwan, Khwaeng Lat Yao, Khet Chatuchak, Krung Thep Maha Nakhon 10900, Thailand",Match,Google
"Stamford International University, Bangkok (Current number of students: 3)","Stamford International University, Bangkok","16 ถนน มอเตอร์เวย์ ก.ม. 2 Khwaeng Prawet, Khet Prawet, Bangkok 10250, Thailand",13.7351391,100.6614121,"16 ถนน มอเตอร์เวย์ ก.ม. 2 Khwaeng Prawet, Khet Prawet, Bangkok 10250, Thailand",Match,Google
Istanbul Bilgi University (Current number of students: 3),Istanbul Bilgi University,"Emniyettepe Mahallesi, Kazım Karabekir Cd. No:13 D:2, 34060 Eyüp/İstanbul, Turkey",41.0672987,28.9455633,"Emniyettepe Mahallesi, Kazım Karabekir Cd. No:13 D:2, 34060 Eyüp/İstanbul, Turkey",Match,Google
Edinburgh Napier University (Current number of students: 7),Edinburgh Napier University,"Sighthill Campus, Sighthill Court, Edinburgh, EH11 4BN ",55.9260983,-3.2893238,"9 Sighthill Ct, Edinburgh EH11 4BN, UK",Match,Google
London Metropolitan University (Current number of students: 2),London Metropolitan University,"166-220 Holloway Rd, London N7 8DB, UK",51.5516174,-0.1107146,"London Metropolitan University, 166-220 Holloway Rd, London N7 8DB, UK",Match,Google
Northumbria University (Current number of students: 2),Northumbria University,"Sutherland Building, 2 Ellison Pl, Newcastle upon Tyne NE1 8ST, UK",54.97662,-1.6092641,"Newcastle upon Tyne NE1 8JG, UK",Match,Google
Sheffield Hallam University (Current number of students: 0),Sheffield Hallam University,"Howard St, Sheffield S1 1WB, UK",53.3785245,-1.4661236,"Howard St, Sheffield S1, UK",Match,Google
University of Brighton (Current number of students: 7),University of Brighton,"University of Brighton, Mithras House, Lewes Road, Brighton BN2 4AT, United Kingdom",50.8420449,-0.1198916,"Mithras House, Lewes Rd, Brighton BN2 4AT, UK",Match,Google
University of Hertfordshire (Current number of students: 2),University of Hertfordshire,"University of Hertfordshire, Hatfield, Hertfordshire, AL10 9AB, UK",51.7518204,-0.2387957,"College Ln, Hatfield AL10 9AB, UK",Match,Google
University of Plymouth (Current number of students: 0),University of Plymouth,"Drake Circus, Plymouth PL4 8AA, UK",50.374697,-4.1376293,"Portland Square, Drake Circus, Plymouth PL4 8AA, UK",Match,Google
University of Portsmouth (Current number of students: 0),University of Portsmouth,"University House, Winston Churchill Ave, Portsmouth PO1 2UP, UK",50.7951373,-1.0936478,"University House, Portsmouth PO1 2UP, UK",Match,Google
"University of the West of England, Bristol (Current number of students: 2)","University of the West of England, Bristol","Coldharbour Ln, Stoke Gifford, Bristol BS16 1QY, UK",51.5014355,-2.5443788,"Coldharbour Ln, Stoke Gifford, Bristol BS16, UK",Match,Google
"University of the West of Scotland, Paisley (Current number of students: 0)","University of the West of Scotland, Paisley","High St, Paisley PA1 2BE, UK",55.8451334,-4.4276188,"High St, Paisley PA1, UK",Match,Google
Universidad de Montevideo (Current number of students: 2),Universidad de Montevideo,"Dr Prudencio de Pena 2544, 11600 Montevideo, Uruguay",-34.8979527,-56.1603758,"Dr Prudencio de Pena 2544, 11600 Montevideo, Uruguay",Match,Google
"Baruch College, New York (Current number of students: 3)","Baruch College, New York","55 Lexington Ave, New York, NY 10010, USA",40.7402384,-73.9835124,"55 Lexington Ave, New York, NY 10010, USA",Match,Google
"Birmingham Southern College, Alabama (Current number of students: 0)","Birmingham Southern College, Alabama","900 Arkadelphia Rd, Birmingham, AL 35254, USA",33.5148629,-86.8559116,"900 Arkadelphia Rd, Birmingham, AL 35254, USA",Match,Google
"California State University, Chico (Current number of students: 4)","California State University, Chico","400 W 1st St, Chico, CA 95929, USA",39.7296139,-121.8457026,"Colusa Hall, 400 W 1st St, Chico, CA 95929, USA",Match,Google
"California State University, Fresno (Current number of students: 0)","California State University, Fresno","5241 N Maple Ave, Fresno, CA 93740, USA",36.8108284,-119.7462226,"5241 N Maple Ave, Fresno, CA 93740, USA",Match,Google
"California State University, Long Beach (Current number of students: 11)","California State University, Long Beach","1250 Bellflower Blvd, Long Beach, CA 90840, United States",33.7826983,-118.1223044,"1250 N Bellflower Blvd, Long Beach, CA 90815, USA",Match,Google
"California State University, Monterey Bay (Current number of students: 0)","California State University, Monterey Bay","100 Campus Center, Seaside, CA 93955, United States",36.6538224,-121.801697,"100 Campus Center, Seaside, CA 93955, USA",Match,Google
"California State University, San Marcos (Current number of students: 0)","California State University, San Marcos","333 S Twin Oaks Valley Rd, San Marcos, CA 92096, USA",33.1291277,-117.1596548,"333 S Twin Oaks Valley Rd, San Marcos, CA 92078, USA",Match,Google
"Champlain College, Vermont (Current number of students: 0)","Champlain College, Vermont","163 S Willard St, Burlington, VT 05401, USA",44.4755768,-73.2057021,"Skiff Hall, 163 S Willard St, Burlington, VT 05401, USA",Match,Google
"Fort Lewis College, Colorado (Current number of students: 0)","Fort Lewis College, Colorado","Kroeger Hall, 1000 Rim Dr, Durango, CO 81301, USA",37.2737453,-107.8710381,"Kroeger Hall, 1000 Rim Dr, Durango, CO 81301, USA",Match,Google
"LIM College, New York City (Current number of students: 3)","LIM College, New York City","216 E 45th St, New York, NY 10017, USA",40.7520969,-73.9721553,"216 E 45th St, New York, NY 10017, USA",Match,Google
"Loyola University, Maryland (Current number of students: 0)","Loyola University, Maryland","4501 North Charles Street, Baltimore, MD 21210, USA",39.3462249,-76.6213069,"4501 N Charles St, Baltimore, MD 21210, USA",Match,Google
"Northern Arizona University, Flagstaff (Current number of students: 0)","Northern Arizona University, Flagstaff","1899 S San Francisco St, Flagstaff, AZ 86011, USA",35.1811687,-111.6519781,"1899 S San Francisco St, Flagstaff, AZ 86001, USA",Match,Google
Southeast Missouri State University (Current number of students: 0),Southeast Missouri State University,"1 University Plaza, Cape Girardeau, MO 63701, USA",37.3126443,-89.5310043,"1 University Plaza, Cape Girardeau, MO 63701, USA",Match,Google
State University of New York at Buffalo (Current number of students: 4),State University of New York at Buffalo,"Buffalo, NY 14260, USA",42.8711,-78.8593199,"Buffalo, NY 14260, USA",Match,Google
University of Central Oklahoma (Current number of students: 0),University of Central Oklahoma,"100 N University Dr, Edmond, OK 73034, USA",35.6551099,-97.4720166,"100 N University Dr, Edmond, OK 73034, USA",Match,Google
"University of Miami, Florida (Current number of students: 0)","University of Miami, Florida","University of Miami, Florida",25.7191685,-80.2771253,"1320 S Dixie Hwy, Coral Gables, FL 33146, USA",Match,Google
Hutech University Saigon (Current number of students: 0),Hutech University Saigon,"475 A Điện Biên Phủ, Phường 25, Bình Thạnh, Hồ Chí Minh, Vietnam",10.801675,106.714432,"475a Điện Biên Phủ, Phường 25, Bình Thạnh, Hồ Chí Minh 70000, Vietnam",Partial Match,Google
RMIT University Vietnam (Current number of students: 0),RMIT University Vietnam,"702 Nguyễn Văn Linh, Tân Hưng, Quận 7, Hồ Chí Minh 700000, Vietnam",10.7294434,106.6927383,"702 Nguyễn Văn Linh, Tân Hưng, Quận 7, Hồ Chí Minh, Vietnam",Match,Google
